title,judge,makes,difficulty,hands_on_time,baking_time,ingredients,recipe_image,judge_image
Liam Charles’s Yorkshire Pudding Wraps,Liam Charles,2,Needs skill,25 mins,30 mins,"[<p>100g plain flour</p>, <p>2 large eggs</p>, <p>200ml whole milk </p>, <p>½ tsp salt</p>, <p>1½ tbsp chopped flat-leaf parsley </p>, <p>1 tbsp vegetable oil</p>, <p>1 x 400g tin of chickpeas, drained</p>, <p>½ tsp ground cumin</p>, <p>½ tsp ground coriander</p>, <p>½ tsp cayenne pepper</p>, <p>½ tsp salt</p>, <p>1 garlic clove</p>, <p>½ tsp bicarbonate of soda </p>, <p>½ onion, roughly chopped</p>, <p>Small handful of flat-leaf parsley </p>, <p>Small handful of coriander</p>, <p>1 tbsp sesame seeds</p>, <p>2 tbsp olive oil, plus extra for greasing</p>, <p>60g cucumber </p>, <p>100g Greek yoghurt</p>, <p>Juice of ¼ lemon</p>, <p>1 small garlic clove, crushed</p>, <p>1 tbsp chopped mint leaves </p>, <p>¼ tsp fine salt </p>, <p>Handful of shredded iceberg lettuce</p>, <p>4 pickled chillies, sliced</p>, <p>6 pickled turnips, sliced</p>, <p>2 dill pickles, quartered lengthways</p>, <p>1 tomato, chopped </p>, <p>Juice of ½ lemon</p>, <p>1 tbsp tahini</p>]",https://thegreatbritishbakeoff.co.uk/wp-content/uploads/2021/01/Wraps-1024x450.jpg,https://thegreatbritishbakeoff.co.uk/wp-content/uploads/2020/08/Liam_Charles_2019_1024-100x100.png
Rav Gill’s Churros with Banana Butterscotch,Ravneet Gill,6,Needs skill,30 mins,25 mins,"[<p>20g caster sugar</p>, <p>75g unsalted butter, cubed </p>, <p>¼ tsp salt</p>, <p>95g plain flour</p>, <p>2 eggs</p>, <p>½ tsp vanilla extract </p>, <p>100g caster sugar </p>, <p>2 tbsp ground cinnamon </p>, <p>25g unsalted butter, melted </p>, <p>60g unsalted butter</p>, <p>100g light brown soft sugar</p>, <p>60ml whole milk</p>, <p>60ml double cream</p>, <p>Large pinch of flaky sea salt</p>, <p>1 ripe banana, mashed</p>]",https://thegreatbritishbakeoff.co.uk/wp-content/uploads/2021/01/Churros-1024x450.jpg,https://thegreatbritishbakeoff.co.uk/wp-content/uploads/2021/01/Ravneet_Gill_2021_1024-100x100.png
Liam Charles’s Mega-Choccy Stack,Liam Charles,4,Needs skill,40 mins,14 mins,"[<p>120ml olive oil</p>, <p>1 tsp vanilla paste</p>, <p>150g caster sugar</p>, <p>90g light brown soft sugar</p>, <p>3 eggs, lightly beaten</p>, <p>40g cocoa powder</p>, <p>1 tsp instant coffee powder </p>, <p>75g plain flour</p>, <p>70g caster sugar</p>, <p>20g cocoa powder</p>, <p>25g cornflour</p>, <p>¼ tsp fine salt</p>, <p>330ml whole milk</p>, <p>20g unsalted butter, diced</p>, <p>½ tsp vanilla extract </p>, <p>200ml double cream</p>, <p>30g icing sugar </p>, <p>1 tsp vanilla paste</p>, <p>75g 70% dark chocolate, grated</p>]",https://thegreatbritishbakeoff.co.uk/wp-content/uploads/2021/01/Chco-stacks-1024x450.jpg,https://thegreatbritishbakeoff.co.uk/wp-content/uploads/2020/08/Liam_Charles_2019_1024-100x100.png
Rav Gill’s Tiger Pretzels,Ravneet Gill,4,Needs skill,45 mins,15 mins,"[<p>180ml warm water </p>, <p>4g active dried yeast </p>, <p>10g unsalted butter, melted </p>, <p>2 tsp caster sugar </p>, <p>240g plain flour, plus extra for dusting</p>, <p>½ tsp fine salt</p>, <p>Black, orange and yellow food-colouring gels</p>, <p>Sea salt, for sprinkling</p>, <p>Sesame seeds, for sprinkling </p>, <p>1 tsp bicarbonate of soda </p>, <p>2 tsp caster sugar </p>, <p>140g unsalted butter, softened</p>, <p>50g parmesan, grated</p>, <p>1 tsp paprika, or hot or sweet smoked paprika </p>, <p>Freshly ground black pepper</p>]",https://thegreatbritishbakeoff.co.uk/wp-content/uploads/2021/01/Tiger-pretzels-1024x450.jpg,https://thegreatbritishbakeoff.co.uk/wp-content/uploads/2021/01/Ravneet_Gill_2021_1024-100x100.png
Liam Charles’s Chocolate Marshmallow Biscuits,Liam Charles,4,Needs skill,45 mins,12 mins,"[<p>50g plain flour, plus extra for dusting</p>, <p>½ tsp baking powder</p>, <p>¼ tsp fine salt</p>, <p>25g cocoa powder</p>, <p>25g wholemeal flour</p>, <p>25g caster sugar </p>, <p>25g unsalted butter, cubed and chilled</p>, <p>1 large egg yolk</p>, <p>2 tbsp whole milk</p>, <p>2 platinum-grade gelatine leaves</p>, <p>2 large egg whites </p>, <p>½ tsp vanilla paste</p>, <p>150g caster sugar </p>, <p>175g 70% dark chocolate, roughly chopped </p>, <p>40g coconut oil </p>, <p>Ready-to-roll pink fondant icing</p>, <p>8 edible sugar eyes </p>]",https://thegreatbritishbakeoff.co.uk/wp-content/uploads/2021/01/Marshmallow-1024x450.jpg,https://thegreatbritishbakeoff.co.uk/wp-content/uploads/2020/08/Liam_Charles_2019_1024-100x100.png
Rav Gill’s Chess Cake,Ravneet Gill,8,Needs skill,40 mins,20 mins,"[<p>225g unsalted butter</p>, <p>225g caster sugar</p>, <p>225g self-raising flour</p>, <p>2 tsp baking powder</p>, <p>4 large eggs</p>, <p>1 tsp vanilla extract</p>, <p>2 tsp rose water </p>, <p>Pink food-colouring gel</p>, <p>2 tsp pistachio paste</p>, <p>Green food-colouring gel </p>, <p>550g icing sugar</p>, <p>225g unsalted butter, softened</p>, <p>4 tbsp double cream</p>, <p>1½ tbsp pistachio paste</p>, <p>½ tsp fine salt </p>, <p>Slivered pistachios</p>, <p>Rose petals </p>]",https://thegreatbritishbakeoff.co.uk/wp-content/uploads/2021/01/Chess-cake-1024x450.jpg,https://thegreatbritishbakeoff.co.uk/wp-content/uploads/2021/01/Ravneet_Gill_2021_1024-100x100.png
Liam Charles’s Caribbean Patties,Liam Charles,2,Needs skill,30 mins,30 mins,"[<p>200g plain flour, plus extra for dusting</p>, <p>1 tsp ground turmeric</p>, <p>Pinch of fine salt</p>, <p>125g unsalted butter, frozen</p>, <p>1 egg, beaten, to glaze</p>, <p>1½ tsp cayenne pepper</p>, <p>½ tsp hot smoked paprika</p>, <p>½ tsp ground allspice</p>, <p>½ tsp chilli flakes </p>, <p>1 tsp dried thyme</p>, <p>1 tsp dried parsley </p>, <p>1 tsp garlic granules</p>, <p>1 tsp onion granules</p>, <p>1 tsp light brown soft sugar</p>, <p>1 tsp fine salt</p>, <p>¼ tsp freshly ground black pepper</p>, <p>25g block creamed coconut, grated </p>, <p>1 tbsp tomato purée</p>, <p>20g frozen peas, defrosted</p>, <p>20g sweetcorn </p>, <p>½ tsp ginger paste</p>, <p>½ tsp garlic paste </p>, <p>½ small red chili, deseeded and finely chopped</p>, <p>2 spring onions, finely sliced</p>, <p>1 small carrot (about 30g), finely chopped into 7.5mm dice</p>, <p>100g sweet potato, finely chopped into 7.5mm dice</p>, <p>1 tbsp jerk seasoning</p>, <p>50g coconut cream</p>, <p>125g soured cream</p>, <p>1 tbsp lime juice </p>, <p>1 tbsp jerk seasoning</p>, <p>1 tbsp runny honey</p>, <p>Red food-colouring gel, diluted with a few drops of water</p>, <p>Blue food-colouring gel, diluted with a few drops of water</p>]",https://thegreatbritishbakeoff.co.uk/wp-content/uploads/2021/01/Patties-1024x450.jpg,https://thegreatbritishbakeoff.co.uk/wp-content/uploads/2020/08/Liam_Charles_2019_1024-100x100.png
Rav Gill’s Soufflé Pancakes,Ravneet Gill,4,Needs skill,40 mins,30 mins,"[<p>200g mixed frozen berries</p>, <p>2 tbsp caster sugar </p>, <p>1 tbsp lemon juice </p>, <p>3 tbsp whole milk </p>, <p>3 large eggs, separated </p>, <p>½ tsp vanilla extract</p>, <p>15g mayonnaise </p>, <p>75g plain flour</p>, <p>1½ tbsp cornflour</p>, <p>1½ tsp baking powder</p>, <p>65g caster sugar </p>, <p>Vegetable or sunflower oil, for greasing </p>]",https://thegreatbritishbakeoff.co.uk/wp-content/uploads/2021/01/Souffle-pancakes-1024x450.jpg,https://thegreatbritishbakeoff.co.uk/wp-content/uploads/2021/01/Ravneet_Gill_2021_1024-100x100.png
Liam Charles’s Pizza Star Bread,Liam Charles,8,Needs skill,30 mins,35 mins,"[<p>50g basil leaves</p>, <p>30g parmesan, finely grated </p>, <p>30g pine nuts</p>, <p>1 tbsp lemon juice</p>, <p>2 tbsp olive oil</p>, <p>½ tsp salt</p>, <p>350g self-raising flour, plus extra for dusting</p>, <p>1 tsp baking powder</p>, <p>½ tsp salt</p>, <p>300g natural yoghurt </p>, <p>4 tbsp passata</p>, <p>100g pre-grated mozzarella, grated</p>, <p>100g mayonnaise</p>, <p>1 tbsp lemon juice </p>, <p>1 tsp garlic paste</p>, <p>Pinch of salt </p>, <p>80g mayonnaise</p>, <p>80g soured cream</p>, <p>2 tsp white wine vinegar</p>, <p>1 tsp garlic paste</p>, <p>½ tsp dried oregano</p>, <p>½ tsp dried parsley</p>, <p>Pinch of salt </p>]",https://thegreatbritishbakeoff.co.uk/wp-content/uploads/2021/01/Pizza-bread-1024x450.jpg,https://thegreatbritishbakeoff.co.uk/wp-content/uploads/2020/08/Liam_Charles_2019_1024-100x100.png
Rav Gill’s Cookie Cups & Roasted Hazelnut Milk,Ravneet Gill,4,Needs skill,40 mins,20 mins,"[<p>100g unsalted butter, softened</p>, <p>40g caster sugar </p>, <p>50g light brown soft sugar </p>, <p>1 egg yolk </p>, <p>½ tsp vanilla extract</p>, <p>140g plain flour </p>, <p>½ tsp fine salt </p>, <p>60g small milk chocolate chips </p>, <p>150g 54% dark chocolate, broken into pieces</p>, <p>250ml hazelnut milk</p>, <p>1 tsp caster sugar</p>, <p>Hazelnut paste</p>, <p>Salt</p>]",https://thegreatbritishbakeoff.co.uk/wp-content/uploads/2021/01/Cookie-cups-1024x450.jpg,https://thegreatbritishbakeoff.co.uk/wp-content/uploads/2021/01/Ravneet_Gill_2021_1024-100x100.png
Liam Charles’s Strawberry & Custard Jaffa Cakes,Liam Charles,6,Needs skill,48 mins,12 mins,"[<p>1 x 135g pack of strawberry jelly</p>, <p>150ml boiling water</p>, <p>2 large eggs</p>, <p>50g caster sugar</p>, <p>50g self-raising flour, sifted</p>, <p>20g custard powder, sifted</p>, <p>200g 46% cocoa-solids chocolate, broken into pieces</p>, <p>100g white chocolate, broken into pieces </p>]",https://thegreatbritishbakeoff.co.uk/wp-content/uploads/2021/01/IMG_8059-1024x450.jpg,https://thegreatbritishbakeoff.co.uk/wp-content/uploads/2020/08/Liam_Charles_2019_1024-100x100.png
Paul Hollywood’s Steamed Bao Buns with Crispy Duck,Paul Hollywood,6,Easy,"30 mins, plus proving",10 mins,"[<p>130g plain flour, plus extra for dusting</p>, <p>1 tsp caster sugar </p>, <p>¼ tsp fast-action dried yeast</p>, <p>1 tbsp whole milk</p>, <p>1 tsp oil, plus extra for greasing</p>, <p>1 tsp rice vinegar</p>, <p>¼ tsp baking powder</p>, <p>35g dark brown soft sugar </p>, <p>2 tbsp black bean sauce </p>, <p>1 tbsp dark soy sauce</p>, <p>1½ tsp rice vinegar </p>, <p>2 soft dried prunes</p>, <p>¼ tsp sesame oil </p>, <p>⅛ tsp Chinese five spice </p>, <p>Ready-to-roast aromatic ½ crispy duck </p>, <p>1 small carrot, peeled </p>, <p>¼ cucumber </p>, <p>2 spring onions, trimmed</p>, <p>1 red chilli, thinly sliced on the diagonal, to garnish</p>, <p>Coriander leaves, to garnish</p>]",https://thegreatbritishbakeoff.co.uk/wp-content/uploads/2020/12/201106_059A_BaoBuns-1024x450.jpg,https://thegreatbritishbakeoff.co.uk/wp-content/uploads/2019/08/Paul_Hollywood_395_2900x2900-1024x1024-100x100.png
Prue Leith’s Last-minute Christmas Pudding,Prue Leith,10-Aug,Easy,20 mins,40 mins,"[<p>150g raisins</p>, <p>150g sultanas</p>, <p>150g currants</p>, <p>100g dried cranberries </p>, <p>50g mixed peel </p>, <p>Juice and finely grated zest of 1 large unwaxed orange</p>, <p>100ml brandy</p>, <p>75g molasses</p>, <p>1 tsp bicarbonate of soda</p>, <p>1 Bramley apple, peeled and grated (150g grated weight) </p>, <p>140g frozen unsalted butter, grated</p>, <p>175g dark muscovado sugar </p>, <p>175g fresh white breadcrumbs</p>, <p>140g self-raising flour</p>, <p>1 tsp cinnamon</p>, <p>1 tsp mixed spice</p>, <p>2 large eggs, beaten</p>, <p>1 candied clementine</p>, <p>250ml whole milk</p>, <p>250ml double cream</p>, <p>6 large egg yolks</p>, <p>65g caster sugar</p>, <p>2 tbsp orange liqueur </p>]",https://thegreatbritishbakeoff.co.uk/wp-content/uploads/2020/12/201104_055B_ChristmasPudding-1024x450.jpg,https://thegreatbritishbakeoff.co.uk/wp-content/uploads/2019/08/Prue_Leith_441_2900x2900-1024x1024-100x100.png
Prue Leith’s Coffee Walnut Whirls,Prue Leith,8,Challenging,"1 hr 40 mins, plus chilling",20 mins,"[<p>60g walnuts</p>, <p>80g plain flour, plus extra for dusting </p>, <p>⅛ tsp baking powder</p>, <p>55g unsalted butter </p>, <p>40g icing sugar </p>, <p>1 egg yolk </p>, <p>150ml double cream</p>, <p>50g coffee beans</p>, <p>250g milk chocolate, chopped </p>, <p>2 gelatine leaves</p>, <p>2 egg whites </p>, <p>½ tsp cream of tartar </p>, <p>75g caster sugar </p>, <p>125g corn syrup</p>, <p>1½ tsp vanilla paste</p>, <p>300g 54% dark chocolate</p>, <p>8 walnut halves</p>]",https://thegreatbritishbakeoff.co.uk/wp-content/uploads/2020/11/201103_051B_WalnutWhips-1024x450.jpg,https://thegreatbritishbakeoff.co.uk/wp-content/uploads/2019/08/Prue_Leith_441_2900x2900-1024x1024-100x100.png
Paul Hollywood’s Danish Cornucopia,Paul Hollywood,10,Challenging,"2 hrs, plus chilling",12 mins,"[<p>250g ground almonds</p>, <p>250g icing sugar, sifted, plus extra for dusting</p>, <p>2 egg whites, lightly whisked</p>, <p>½ tsp almond extract </p>, <p>300g 54% dark chocolate, chopped </p>, <p>1 large egg whites </p>, <p>200g icing sugar, sifted</p>, <p>250g caster sugar</p>]",https://thegreatbritishbakeoff.co.uk/wp-content/uploads/2020/11/201103_049B_Cornucopia-1024x450.jpg,https://thegreatbritishbakeoff.co.uk/wp-content/uploads/2019/08/Paul_Hollywood_395_2900x2900-1024x1024-100x100.png
Prue Leith’s Sussex Pond Puddings,Prue Leith,4-Feb,Easy,30 mins,2 hrs,"[<p>110g self-raising flour, plus extra for dusting </p>, <p>50g fresh white breadcrumbs</p>, <p>Finely grated zest of 1 small unwaxed lemon</p>, <p>75g vegetable suet </p>, <p>50ml whole milk</p>, <p>125g unsalted butter, cubed, plus extra for greasing</p>, <p>125g light muscovado sugar </p>, <p>1 unwaxed lemon, halved</p>, <p>250ml whole milk</p>, <p>250ml double cream</p>, <p>1 vanilla pod, split and seeds scraped</p>, <p>6 large egg yolks</p>, <p>65g caster sugar</p>]",https://thegreatbritishbakeoff.co.uk/wp-content/uploads/2020/11/Sussex-Pond-1024x450.jpg,https://thegreatbritishbakeoff.co.uk/wp-content/uploads/2019/08/Prue_Leith_441_2900x2900-1024x1024-100x100.png
Paul Hollywood’s Jam & Custard Doughnuts,Paul Hollywood,6,Needs skill,30 mins,20 mins,"[<p>125ml whole milk </p>, <p>1 large egg </p>, <p>250g strong white bread flour</p>, <p>35g unsalted butter, cubed and softened</p>, <p>5g fast-action dried yeast </p>, <p>5g fine salt </p>, <p>25g caster sugar, plus extra for coating</p>, <p>100g strawberries, roughly chopped </p>, <p>100g jam sugar </p>, <p>250ml whole milk </p>, <p>2 large egg yolks</p>, <p>40g caster sugar </p>, <p>15g plain flour </p>, <p>15g cornflour </p>, <p>1 tsp vanilla extract</p>, <p>Pinch of salt</p>, <p>40g unsalted butter, cubed and chilled</p>, <p>40g unsalted butter, softened </p>, <p>Vegetable oil</p>]",https://thegreatbritishbakeoff.co.uk/wp-content/uploads/2020/11/Custard_Doughnuts_1024_5-1024x450.png,https://thegreatbritishbakeoff.co.uk/wp-content/uploads/2019/08/Paul_Hollywood_395_2900x2900-1024x1024-100x100.png
Prue Leith’s Matcha Mille Crêpe Cake,Prue Leith,10,Needs skill,1 hr 20 mins,40 mins,"[<p>400ml whole milk </p>, <p>45g caster sugar </p>, <p>3 large eggs</p>, <p>25g unsalted butter, melted </p>, <p>125g plain flour</p>, <p>15g cornflour</p>, <p>½ tsp baking powder</p>, <p>15g matcha powder, plus extra for dusting </p>, <p>Sunflower oil, for cooking</p>, <p>150g white chocolate </p>, <p>75ml double cream</p>, <p>2 large egg whites</p>, <p>70g caster sugar </p>, <p>1 tsp vanilla paste</p>, <p>½ tsp fine salt</p>, <p>225g unsalted butter, softened </p>, <p>400g strawberries, hulled</p>, <p>Sliced strawberries </p>, <p>Fresh mango, cut into 5mm dice</p>, <p>Freeze-dried raspberry pieces</p>, <p>Desiccated coconut</p>, <p>Edible flowers (white and purple are pretty)</p>]",https://thegreatbritishbakeoff.co.uk/wp-content/uploads/2020/10/Mille-Crepe-1024x450.jpg,https://thegreatbritishbakeoff.co.uk/wp-content/uploads/2019/08/Prue_Leith_441_2900x2900-1024x1024-100x100.png
Prue Leith’s Raspberry & Salted Caramel Éclairs,Prue Leith,6,Challenging,1 hr 30 mins,30 mins,"[<p>45g strong white bread flour</p>, <p>45g plain flour</p>, <p>5g caster sugar</p>, <p>65ml whole milk</p>, <p>55g unsalted butter</p>, <p>¼ tsp salt</p>, <p>2 large eggs </p>, <p>150ml whole milk </p>, <p>80ml double cream</p>, <p>65g caster sugar</p>, <p>4 large egg yolks</p>, <p>20g cornflour</p>, <p>40g unsalted butter</p>, <p>100g caster sugar </p>, <p>50g unsalted butter </p>, <p>70g double cream</p>, <p>1 tsp sea salt flakes</p>, <p>1 tsp vanilla extract</p>, <p>3 blanched hazelnuts </p>, <p>150g raspberries</p>, <p>1 tsp caster sugar </p>, <p>50–70g fondant icing sugar </p>, <p>100g caster sugar </p>, <p>2 tsp gelatine powder</p>, <p>¼ tsp edible gold powder </p>, <p>Cornflour, for dusting</p>, <p>50g ready-to-roll dark red fondant </p>, <p>30g freeze-dried raspberry powder</p>, <p>50g fondant icing sugar </p>, <p>White sprinkles</p>, <p>3 raspberry halves</p>, <p>Edible gold leaf</p>]",https://thegreatbritishbakeoff.co.uk/wp-content/uploads/2020/10/Eclairs-1024x450.jpg,https://thegreatbritishbakeoff.co.uk/wp-content/uploads/2019/08/Prue_Leith_441_2900x2900-1024x1024-100x100.png
Paul Hollywood’s Chocolate Babka,Paul Hollywood,1 loaf,Needs skill,30 mins,45 mins,"[<p>65g blanched hazelnuts</p>, <p>100g unsalted butter</p>, <p>150g caster sugar</p>, <p>80g 70% dark chocolate, chopped</p>, <p>40g cocoa powder</p>, <p>275g plain flour</p>, <p>5g fast-action dried yeast</p>, <p>25g caster sugar</p>, <p>½ tsp fine salt</p>, <p>2 eggs, beaten</p>, <p>50ml whole milk</p>, <p>80g unsalted butter, cubed and softened</p>, <p>100g caster sugar</p>]",https://thegreatbritishbakeoff.co.uk/wp-content/uploads/2020/10/Chocolate_Babka_1024-1024x450.png,https://thegreatbritishbakeoff.co.uk/wp-content/uploads/2019/08/Paul_Hollywood_395_2900x2900-1024x1024-100x100.png
Paul Hollywood’s Rainbow-Coloured Bagels,Paul Hollywood,6,Needs skill,1 hr,30 mins,"[<p>375g strong white bread flour </p>, <p>5g fast-action dried yeast</p>, <p>2 tsp caster sugar</p>, <p>1 tsp fine salt</p>, <p>240ml lukewarm water </p>, <p>Red, orange, yellow, green and blue food-colouring paste</p>, <p>1 tsp bicarbonate of soda </p>]",https://thegreatbritishbakeoff.co.uk/wp-content/uploads/2020/10/Rainbow-Bagels-1024x450.jpg,https://thegreatbritishbakeoff.co.uk/wp-content/uploads/2019/08/Paul_Hollywood_395_2900x2900-1024x1024-100x100.png
Prue Leith’s Coconut Macaroons,Prue Leith,12,Easy,1 hr,30 mins,"[<p>75g mango purée</p>, <p>2 tsp caster sugar </p>, <p>1 egg</p>, <p>2 egg yolks</p>, <p>2 tsp lime juice </p>, <p>50g unsalted butter, cubed</p>, <p>350g sweetened shredded coconut</p>, <p>240g condensed milk</p>, <p>½ tsp almond extract </p>, <p>2 tbsp rice flour</p>, <p>2 egg whites</p>, <p>1/4 tsp salt</p>, <p>100g 54% dark chocolate, broken into pieces </p>]",https://thegreatbritishbakeoff.co.uk/wp-content/uploads/2020/09/Coconut-Macaroons.jpg,https://thegreatbritishbakeoff.co.uk/wp-content/uploads/2019/08/Prue_Leith_441_2900x2900-1024x1024-100x100.png
Paul Hollywood’s Pineapple Upside-down Cakes,Paul Hollywood,6,Easy,1 hr,25 mins,"[<p>130g caster sugar<br/>
65ml just-boiled water<br/>
1 lemon wedge</p>, <p>1 small pineapple<br/>
6 maraschino cherries, stems removed</p>, <p>125g unsalted butter, softened<br/>
125g caster sugar<br/>
2 eggs<br/>
125g self-raising flour</p>, <p>675ml whole milk<br/>
3 large egg yolks<br/>
50g caster sugar<br/>
2 tbsp cornflour<br/>
1 tsp vanilla extract </p>, <p>100ml double cream<br/>
6 maraschino cherries, with stems</p>]",https://thegreatbritishbakeoff.co.uk/wp-content/uploads/2020/09/Pineapple-Upside-Down-Cake-1-1024x450.jpg,https://thegreatbritishbakeoff.co.uk/wp-content/uploads/2019/08/Paul_Hollywood_395_2900x2900-1024x1024-100x100.png
Paul Hollywood’s Iced Buns,Paul Hollywood,6,Needs skill,"1 hr 10 mins, plus proving ",20 mins,"[<p>250g strong white bread flour</p>, <p>20g caster sugar</p>, <p>20g butter, softened</p>, <p>1 large egg, beaten</p>, <p>7g sachet instant yeast</p>, <p>½ tsp salt</p>, <p>80ml warm milk</p>, <p>50ml water</p>, <p>250g strawberries, quartered</p>, <p>100g jam sugar</p>, <p>Zest and juice of 1 lemon</p>, <p>250g fondant sugar icing</p>, <p>2-3 tbsp water, as needed</p>, <p>Yellow food colouring gel </p>, <p>Sugar sprinkles</p>, <p>300ml double cream</p>, <p>30g icing sugar</p>, <p>2 tsp vanilla paste </p>]",https://thegreatbritishbakeoff.co.uk/wp-content/uploads/2020/04/Iced_Buns_1024_2-1024x450.png,https://thegreatbritishbakeoff.co.uk/wp-content/uploads/2019/08/Paul_Hollywood_395_2900x2900-1024x1024-100x100.png
Prue Leith’s Mini Yorkshire Puddings,Prue Leith,16,Easy,40 mins,20 mins,"[<p>50g plain flour </p>, <p>¼ tsp salt </p>, <p>Ground black pepper</p>, <p>1 medium egg, beaten </p>, <p>50ml milk </p>, <p>60ml vegetable oil </p>, <p>1 tbsp vegetable oil </p>, <p>450g fillet steak </p>, <p>Salt and pepper, to taste</p>, <p>100ml crème fraiche</p>, <p>1 – 2 tsp fresh horseradish root, grated</p>, <p>1 – 2 tsp horseradish cream, to taste </p>]",https://thegreatbritishbakeoff.co.uk/wp-content/uploads/2020/03/191127_009_MiniYorkshires-1024x450.jpg,https://thegreatbritishbakeoff.co.uk/wp-content/uploads/2019/08/Prue_Leith_441_2900x2900-1024x1024-100x100.png
Prue Leith’s Gluten-Free Battenberg,Prue Leith,1,Needs skill,1 hr,30 mins,"[<p>175g unsalted butter, softened, plus extra for greasing</p>, <p>175g caster sugar</p>, <p>3 large eggs</p>, <p>175g gluten free self-raising flour, sifted</p>, <p>1 tsp almond extract </p>, <p>Orange food colouring paste </p>, <p>Black food colouring paste</p>, <p>50g unsalted butter, softened</p>, <p>100g icing sugar, sifted</p>, <p>4 tbsp apricot jam, sieved</p>, <p>400g yellow marzipan</p>, <p>Orange food colouring paste</p>, <p>Icing sugar, for dusting</p>]",https://thegreatbritishbakeoff.co.uk/wp-content/uploads/2020/09/Gluten_Free_Battenberg_1024-1024x450.png,https://thegreatbritishbakeoff.co.uk/wp-content/uploads/2019/08/Prue_Leith_441_2900x2900-1024x1024-100x100.png
Paul Hollywood’s Orange & Ginger Cannoli,Paul Hollywood,6,Needs skill,1 hr,30 mins,"[<p>120g plain flour, plus extra for dusting</p>, <p>¼ tsp fine salt </p>, <p>1 tbsp caster sugar</p>, <p>¼ tsp ground cinnamon</p>, <p>½ tsp cocoa powder</p>, <p>15g unsalted butter, cubed</p>, <p>1 egg yolk</p>, <p>1 egg white, beaten </p>, <p>3 tbsp Marsala </p>, <p>450ml double cream</p>, <p>2 balls stem ginger, finely chopped</p>, <p>Finely grated zest of 1 small orange</p>, <p>Red, orange &amp; yellow sprinkles, to decorate</p>, <p>Icing sugar, for dusting</p>]",https://thegreatbritishbakeoff.co.uk/wp-content/uploads/2020/03/191126_004B_OrangeCannoli-1024x450.jpg,https://thegreatbritishbakeoff.co.uk/wp-content/uploads/2019/08/Paul_Hollywood_395_2900x2900-1024x1024-100x100.png
Paul Hollywood’s Raspberry Millefeuille,Paul Hollywood,4,Needs skill,1 hr 45 mins,30 mins,"[<p>225g plain four, plus extra for rolling</p>, <p>¼ tsp salt </p>, <p>45g unsalted butter, chilled and cut into cubes</p>, <p>90g grated, frozen butter</p>, <p>300ml whole milk</p>, <p>200ml double cream</p>, <p>½ tsp vanilla paste</p>, <p>5 medium egg yolks</p>, <p>40g cornflour</p>, <p>100g caster sugar</p>, <p>100g unsalted butter, softened </p>, <p>48 raspberries </p>, <p>150g white ready-to-roll fondant icing </p>, <p>50g red ready-to-roll fondant icing </p>, <p>50g orange ready-to-roll fondant icing </p>, <p>Icing sugar, for dusting</p>, <p>Sugar syrup, for glazing</p>]",https://thegreatbritishbakeoff.co.uk/wp-content/uploads/2020/03/191126_003B_RaspMilleFeuille-1024x450.jpg,https://thegreatbritishbakeoff.co.uk/wp-content/uploads/2019/08/Paul_Hollywood_395_2900x2900-1024x1024-100x100.png
Prue Leith’s Hot Smoked Salmon & Beetroot Blinis,Prue Leith,12,Easy,20 mins,15 mins,"[<p>170g self-raising flour</p>, <p>pinch of salt</p>, <p>1 large egg, separated </p>, <p>1 tbsp olive oil </p>, <p>220ml whole milk</p>, <p>100g cooked beetroot</p>, <p>1 tsp hot horseradish cream</p>, <p>pinch of crushed sea salt</p>, <p>125g cream cheese</p>, <p>100g hot smoked salmon, flaked</p>, <p>¼ lemon</p>, <p>black lumpfish caviar, to garnish</p>, <p>dill, to garnish </p>]",https://thegreatbritishbakeoff.co.uk/wp-content/uploads/2019/12/Beetroot_Salmon_Blinis_1024-1024x450.png,https://thegreatbritishbakeoff.co.uk/wp-content/uploads/2019/08/Prue_Leith_441_2900x2900-1024x1024-100x100.png
Paul Hollywood’s Black Pudding & Caramelised Onion Sausage Wreath,Paul Hollywood,12,Needs skill,1 hr,40–50 mins,"[<p>300g plain flour, plus extra for dusting </p>, <p>pinch of salt </p>, <p>50g unsalted butter, chilled and cut into cubes</p>, <p>120g unsalted butter, frozen</p>, <p>1 egg, beaten, to glaze</p>, <p>1 tbsp sesame seeds</p>, <p>1 tbsp black sesame seeds</p>, <p>1 tbsp olive oil </p>, <p>15g unsalted butter</p>, <p>2 red onions, finely chopped</p>, <p>2 garlic cloves, finely chopped </p>, <p>2 tbsp balsamic vinegar </p>, <p>500g pork loin</p>, <p>75g black pudding </p>, <p>1 tsp dried sage</p>, <p>½ tsp ground mace</p>, <p>50g soft white breadcrumbs</p>, <p>1 tbsp Dijon mustard</p>, <p>crushed sea salt and freshly ground black pepper </p>, <p>175g frozen cranberries</p>, <p>85g light muscovado sugar </p>, <p>25ml port</p>, <p>1 tbsp balsamic vinegar </p>, <p>¼ tsp allspice</p>]",https://thegreatbritishbakeoff.co.uk/wp-content/uploads/2019/12/Sausage_Wreath_1024_3-1024x450.png,https://thegreatbritishbakeoff.co.uk/wp-content/uploads/2019/08/Paul_Hollywood_395_2900x2900-1024x1024-100x100.png
Prue Leith’s Millefeuille,Prue Leith,4,Challenging,"2 hrs, plus resting time",25–30 mins,"[<p>225g plain flour </p>, <p>a small pinch of salt </p>, <p>140g butter, cubed into dice-sized pieces </p>, <p>135ml very cold water </p>, <p>580ml whole milk</p>, <p>4 egg yolks</p>, <p>110g caster sugar </p>, <p>50g plain flour </p>, <p>50g cornflour </p>, <p>2 tsp vanilla extract</p>, <p>300ml double cream </p>, <p>400g raspberries</p>, <p>400g jam sugar</p>, <p>juice of 1 lemon </p>, <p>400g white fondant</p>, <p>4 tsp egg white powder</p>, <p>4 tbsp water</p>]",https://thegreatbritishbakeoff.co.uk/wp-content/uploads/2019/11/juniorbakeoff_technicals_millefeuille-1024x450.jpg,https://thegreatbritishbakeoff.co.uk/wp-content/uploads/2019/08/Prue_Leith_441_2900x2900-1024x1024-100x100.png
Liam Charles’s Vertical Layer Cake,Liam Charles,Challenging,30 mins,12–15 mins,25–30 mins,"[<p>4 medium eggs</p>, <p>1 medium yolk</p>, <p>125g caster sugar </p>, <p>2 tbsp warm water </p>, <p>1 tsp vanilla extract </p>, <p>125g plain flour </p>, <p>250g butter </p>, <p>400g icing sugar, sifted plus some extra for dusting </p>, <p>100g strawberry milkshake powder </p>, <p>5 tbsp whole milk</p>, <p>pink food colouring </p>, <p>3 strawberries</p>, <p>icing sugar, to sift </p>]",https://thegreatbritishbakeoff.co.uk/wp-content/uploads/2019/11/forweb_0000_RX13.jpg,https://thegreatbritishbakeoff.co.uk/wp-content/uploads/2020/08/Liam_Charles_2019_1024-100x100.png
Prue Leith’s Malva Puddings,Prue Leith,4,Needs skill,40 mins,25–30 mins,"[<p>70g plain flour</p>, <p>¾ tsp baking powder</p>, <p>¼ tsp baking soda </p>, <p>100g caster sugar</p>, <p>1 large egg</p>, <p>¼ tsp salt </p>, <p>40g apricot jam</p>, <p>1 tbsp butter, melted</p>, <p>¼ tsp apple cider vinegar </p>, <p>125ml whole milk</p>, <p>50ml double cream</p>, <p>40g caster sugar</p>, <p>30g butter</p>, <p>1 tbsp water</p>, <p>200ml whole milk</p>, <p>2 tsp vanilla bean paste</p>, <p>2 large egg yolk</p>, <p>2 tsp sugar </p>]",https://thegreatbritishbakeoff.co.uk/wp-content/uploads/2019/11/forweb_0002_RX12.jpg,https://thegreatbritishbakeoff.co.uk/wp-content/uploads/2019/08/Prue_Leith_441_2900x2900-1024x1024-100x100.png
Liam Charles’s Salted Caramel Chocolate Tart,Liam Charles,Needs skill,1 hr,40 mins,25–30 mins,"[<p>170g dark chocolate, broken into small pieces</p>, <p>170g milk chocolate, broken into small pieces</p>, <p>340ml double cream </p>, <p>300g chocolate digestive biscuits </p>, <p>2 tbsp cocoa powder </p>, <p>115g butter </p>, <p>a little butter to grease </p>, <p>300g caster sugar </p>, <p>100ml double cream</p>, <p>85g butter, diced </p>, <p>1 tsp salt </p>]",https://thegreatbritishbakeoff.co.uk/wp-content/uploads/2019/11/forweb_0003_RX11.jpg,https://thegreatbritishbakeoff.co.uk/wp-content/uploads/2020/08/Liam_Charles_2019_1024-100x100.png
Liam Charles’s Chouxnuts,Liam Charles,4,Needs skill,30 mins ,25 mins,"[<p>40g butter, diced </p>, <p>105ml water </p>, <p>a small pinch of salt </p>, <p>50g plain flour, sifted </p>, <p>1 large egg and 1 egg yolk, beaten </p>, <p>350ml double cream </p>, <p>60g cookie butter </p>, <p>200g royal icing sugar</p>, <p>1 egg white</p>, <p>pink food colouring </p>, <p>50g multi-coloured sprinkles </p>]",https://thegreatbritishbakeoff.co.uk/wp-content/uploads/2019/11/forweb_0004_RX10.jpg,https://thegreatbritishbakeoff.co.uk/wp-content/uploads/2020/08/Liam_Charles_2019_1024-100x100.png
Prue Leith’s Harry Hill Pancakes,Prue Leith,4,Needs skill,1 hr,25 mins,"[<p>250g plain flour</p>, <p>1 egg</p>, <p>1 tbsp caster sugar</p>, <p>300ml whole milk </p>, <p>1 tbsp vegetable oil</p>, <p>1 tsp baking powder</p>, <p>black, red and ivory food colouring</p>]",https://thegreatbritishbakeoff.co.uk/wp-content/uploads/2019/11/forweb_0006_RX9.jpg,https://thegreatbritishbakeoff.co.uk/wp-content/uploads/2019/08/Prue_Leith_441_2900x2900-1024x1024-100x100.png
Liam Charles’s Breakfast Sarnie,Liam Charles,3,Easy,30 mins,20 mins,"[<p>360g plain flour </p>, <p>1 tsp baking powder </p>, <p>½ tsp salt </p>, <p>110g butter, cubed into 1inch dice </p>, <p>240ml buttermilk </p>, <p>60ml maple syrup</p>, <p>1 egg yolk, for brushing</p>, <p>extra flour for rolling</p>, <p>1 tsp sunflower oil</p>, <p>6 rashers of streaky bacon </p>, <p>3 slices of cheese </p>, <p>3 eggs</p>, <p>salt and pepper, for seasoning</p>]",https://thegreatbritishbakeoff.co.uk/wp-content/uploads/2019/11/forweb_0008_RX8.jpg,https://thegreatbritishbakeoff.co.uk/wp-content/uploads/2020/08/Liam_Charles_2019_1024-100x100.png
Prue Leith’s Iced Rings,Prue Leith,12,Needs skill,40 mins,10–12 mins,"[<p>75g unsalted butter, softened</p>, <p>125g plain flour, plus extra to dust</p>, <p>25g cornflour</p>, <p>60g caster sugar</p>, <p>½ tsp vanilla extract </p>, <p>1 egg yolk</p>, <p>400g royal icing sugar</p>, <p>3 egg whites </p>, <p>pink, orange, yellow and purple gel food colourings </p>]",https://thegreatbritishbakeoff.co.uk/wp-content/uploads/2019/11/forweb_0007_RX7.jpg,https://thegreatbritishbakeoff.co.uk/wp-content/uploads/2019/08/Prue_Leith_441_2900x2900-1024x1024-100x100.png
Liam Charles’s Peanut Butter & Chocolate Swirl Cake,Liam Charles,Easy,25 mins,25 mins,10–12 mins,"[<p>110g butter, softened</p>, <p>110g golden caster sugar </p>, <p>2 medium eggs, beaten </p>, <p>110g self-raising flour </p>, <p>¼ tsp baking powder</p>, <p>½ tsp vanilla extract</p>, <p>20g cocoa powder </p>, <p>15g dark chocolate chips </p>, <p>1-2 tbsp milk </p>, <p>50g smooth peanut butter</p>, <p>orange food colouring</p>, <p>100g dark chocolate chips </p>, <p>170g double cream </p>, <p>20g peanuts, finely chopped </p>]",https://thegreatbritishbakeoff.co.uk/wp-content/uploads/2019/11/forweb_0008_RX6.jpg,https://thegreatbritishbakeoff.co.uk/wp-content/uploads/2020/08/Liam_Charles_2019_1024-100x100.png
Prue Leith’s Veggie Sausage Plaits,Prue Leith,3,Needs skill,30 mins ,20 mins,"[<p>200g plain flour</p>, <p>200g butter, cold</p>, <p>1 tsp salt</p>, <p>135g fromage frais</p>, <p>3 spring onions, trimmed and finely sliced </p>, <p>300g frozen spinach</p>, <p>120g Cheshire cheese, crumbled</p>, <p>2 tbsp breadcrumbs</p>, <p>1 tsp dill, finely chopped</p>, <p>1 medium egg, beaten</p>, <p>salt and pepper, to season</p>, <p>2 tsp fennel seeds</p>, <p>1 egg, beaten to glaze</p>]",https://thegreatbritishbakeoff.co.uk/wp-content/uploads/2019/11/forweb_0009_RX5.jpg,https://thegreatbritishbakeoff.co.uk/wp-content/uploads/2019/08/Prue_Leith_441_2900x2900-1024x1024-100x100.png
Liam Charles’s Prue Leith Pancakes,Liam Charles,6,Needs skill,1 hr,20 mins,"[<p>250g plain flour</p>, <p>1 egg</p>, <p>1 tbsp caster sugar</p>, <p>310ml whole milk </p>, <p>1 tbsp vegetable oil</p>, <p>1 tsp baking powder</p>, <p>1 tsp banana flavouring </p>, <p>1 tbsp maple syrup </p>, <p>2 tsp ground cinnamon</p>, <p>black, red, ivory and brown food colouring</p>]",https://thegreatbritishbakeoff.co.uk/wp-content/uploads/2019/11/forweb_0011_RX4-LIAMS-PRUECAN-PANCAKES-TOP.jpg,https://thegreatbritishbakeoff.co.uk/wp-content/uploads/2020/08/Liam_Charles_2019_1024-100x100.png
Prue Leith’s Apple & Cinnamon Buns,Prue Leith,8,Easy,30 mins ,20–25 mins,"[<p>1 tsp ground cinnamon</p>, <p>1 Jazz apple, peeled and diced into 1cm dice </p>, <p>55g light brown soft sugar</p>, <p>45g butter, melted</p>, <p>60g butter, melted and cooled </p>, <p>400g self raising flour </p>, <p>¼ tsp ground cinnamon</p>, <p>¼ tsp ground cardamom</p>, <p>2 tbsp caster sugar </p>, <p>250ml milk, plus extra for brushing </p>, <p>a pinch of salt</p>, <p>60g icing sugar</p>, <p>30g cream cheese</p>, <p>1 tbsp maple syrup</p>, <p>¼ tsp almond extract</p>, <p>150g apple jelly </p>, <p>25g pecans</p>]",https://thegreatbritishbakeoff.co.uk/wp-content/uploads/2019/11/forweb_0012_RX3.jpg,https://thegreatbritishbakeoff.co.uk/wp-content/uploads/2019/08/Prue_Leith_441_2900x2900-1024x1024-100x100.png
Liam Charles’s Viennese Whirls,Liam Charles,6,Needs skill,30 mins,10 mins,"[<p>140g unsalted butter, very soft</p>, <p>30g icing sugar</p>, <p>120g plain flour</p>, <p>15g cornflour</p>, <p>100g unsalted butter, softened</p>, <p>100g icing sugar, sifted </p>, <p>180g custard powder </p>, <p>1 tsp vanilla extract</p>, <p>1-2 tbsp milk </p>, <p>50g rhubarb preserve </p>]",https://thegreatbritishbakeoff.co.uk/wp-content/uploads/2019/11/forweb_0013_RX2.jpg,https://thegreatbritishbakeoff.co.uk/wp-content/uploads/2020/08/Liam_Charles_2019_1024-100x100.png
Prue Leith’s English Madeleines,Prue Leith,8,Easy,30 mins ,8–10 mins,"[<p>100g unsalted butter, softened </p>, <p>100g golden caster sugar </p>, <p>100g self-raising flour </p>, <p>2 large eggs </p>, <p>1 tsp baking powder </p>, <p>1 tsp vanilla bean paste </p>, <p>100g cherry jam </p>, <p>75g desiccated coconut </p>, <p>4 glacé cherries, halved</p>]",https://thegreatbritishbakeoff.co.uk/wp-content/uploads/2019/11/forweb_0014_RX1-.jpg,https://thegreatbritishbakeoff.co.uk/wp-content/uploads/2019/08/Prue_Leith_441_2900x2900-1024x1024-100x100.png
Paul Hollywood’s Twice-baked Stilton Soufflés with Lavash Crackers,Paul Hollywood,6,Challenging,1 hr,30 mins,"[<p>50g plain flour</p>, <p>25g wholemeal flour </p>, <p>½ tsp salt</p>, <p>1 tbsp olive oil </p>, <p>1 tbsp golden linseeds</p>, <p>1 tbsp sesame seeds</p>, <p>1 tsp fennel seeds</p>, <p>pinch of sea salt flakes</p>, <p>100g unsalted butter</p>, <p>100g plain flour </p>, <p>600ml whole milk</p>, <p>40g Parmesan, finely grated </p>, <p>1 tbsp Dijon mustard</p>, <p>2 tbsp finely chopped chives </p>, <p>2 tbsp finely chopped thyme leaves</p>, <p>4 large eggs, separated, plus 1 large egg white (yolk reserved separately)</p>, <p>100g Stilton, crumbled </p>, <p>½ tsp salt</p>, <p>freshly ground black pepper, to taste </p>, <p>freshly grated nutmeg, to taste </p>, <p>mixed microgreens (such as red vein sorrel, micro thyme, red amaranth and mizuna), to serve</p>, <p>80ml double cream</p>, <p>40g Parmesan, finely grated</p>, <p>1 egg yolk, from the separated egg</p>]",https://thegreatbritishbakeoff.co.uk/wp-content/uploads/2019/10/Twice_Baked_Souffles_1024x450.png,https://thegreatbritishbakeoff.co.uk/wp-content/uploads/2019/08/Paul_Hollywood_395_2900x2900-1024x1024-100x100.png
Prue Leith’s Gâteau Saint Honoré,Prue Leith,8,Challenging,"2 hrs, plus chilling and freezing",40 mins,"[<p>75g strong white bread flour, chilled </p>, <p>75g plain flour, chilled</p>, <p>pinch of salt</p>, <p>1 large egg</p>, <p>50ml water, chilled</p>, <p>125g unsalted butter, chilled</p>, <p>3 platinum-grade gelatine leaves </p>, <p>250ml whole milk </p>, <p>1 vanilla pod, split </p>, <p>4 large eggs, separated</p>, <p>100g caster sugar </p>, <p>25g cornflour </p>, <p>80g plain flour</p>, <p>40g salted butter </p>, <p>2 large eggs, beaten </p>, <p>200g caster sugar </p>, <p>40g liquid glucose </p>, <p>200ml double cream, chilled</p>, <p>100ml whipping cream, chilled</p>, <p>25g icing sugar </p>, <p>1 tsp vanilla extract </p>]",https://thegreatbritishbakeoff.co.uk/wp-content/uploads/2019/10/Gateau_St_Honore_1024x450.png,https://thegreatbritishbakeoff.co.uk/wp-content/uploads/2019/08/Prue_Leith_441_2900x2900-1024x1024-100x100.png
Paul Hollywood’s Moroccan-style Pie,Paul Hollywood,8,Needs skill,1 hr 15 mins,45 mins,"[<p>5 tbsp olive oil </p>, <p>4 boneless, skinless chicken thighs, diced </p>, <p>700g diced butternut squash and sweet potato </p>, <p>2 tsp ras el hanout</p>, <p>½ tsp crushed sea salt</p>, <p>2 large onions, chopped </p>, <p>3 garlic cloves, crushed </p>, <p>1 tbsp harissa paste</p>, <p>1 tsp fennel seeds</p>, <p>1 tsp cumin seeds</p>, <p>½ tsp ground ginger</p>, <p>1 tsp ground cinnamon</p>, <p>2 tbsp pomegranate molasses</p>, <p>100g pitted dried dates, chopped </p>, <p>100g pitted dried apricots, chopped </p>, <p>400g can of chickpeas, drained</p>, <p>1 vegetable stock cube</p>, <p>25g coriander, chopped </p>, <p>25g flat-leaf parsley, chopped </p>, <p>juice of ½ large or 1 small lemon</p>, <p>200g plain flour, sifted </p>, <p>2 tbsp fine semolina </p>, <p>½ tsp fine salt</p>, <p>1 tsp lemon juice</p>, <p>1 tsp olive oil</p>, <p>vegetable oil, for brushing </p>, <p>25g butter, melted, for brushing</p>]",https://thegreatbritishbakeoff.co.uk/wp-content/uploads/2019/10/Pauls_Moroccan_Pie_1024x450_2.png,https://thegreatbritishbakeoff.co.uk/wp-content/uploads/2019/08/Paul_Hollywood_395_2900x2900-1024x1024-100x100.png
Paul Hollywood’s Chocolate & Ricotta Cassatelle,Paul Hollywood,12,Challenging,1 hr 20 mins,15 mins,"[<p>250g ricotta </p>, <p>50g icing sugar, plus extra for dusting </p>, <p>finely grated zest of 1 small unwaxed orange </p>, <p>50g dark chocolate chips, roughly chopped </p>, <p>250g plain flour, sifted, plus extra for dusting</p>, <p>50g caster sugar</p>, <p>finely grated zest of 1 small unwaxed lemon and 1 tbsp juice</p>, <p>1 large egg</p>, <p>2 tbsp extra-virgin olive oil</p>, <p>1 tbsp Marsala liqueur </p>]",https://thegreatbritishbakeoff.co.uk/wp-content/uploads/2019/10/Choc_Ricotta_Cassatelle_1024x450.png,https://thegreatbritishbakeoff.co.uk/wp-content/uploads/2019/08/Paul_Hollywood_395_2900x2900-1024x1024-100x100.png
"Prue Leith’s Mango, Coconut & Raspberry Verrines",Prue Leith,6,Challenging,1 hr,15 mins,"[<p>50g unsalted butter, at room temperature</p>, <p>25g caster sugar</p>, <p>70g plain flour, sifted, plus extra for dusting </p>, <p>140g mango flesh, roughly chopped </p>, <p>14g liquid glucose</p>, <p>3g pectin </p>, <p>60g mango flesh, cut into ½cm dice</p>, <p>15g caster sugar </p>, <p>1 tsp lemon juice</p>, <p>25g unsalted butter</p>, <p>25g light brown soft sugar</p>, <p>25g plain flour</p>, <p>15g desiccated coconut</p>, <p>finely grated zest of ¼ unwaxed lime</p>, <p>1½ sheets of gelatine </p>, <p>120g thick coconut milk </p>, <p>100ml double cream</p>, <p>20g caster sugar </p>, <p>finely grated zest of ¾ unwaxed lime</p>, <p>1 sheet of gelatine</p>, <p>120g raspberries</p>, <p>25g caster sugar </p>, <p>1 tbsp raspberry liqueur</p>, <p>150g 70% dark chocolate </p>, <p>6 small mint leaves</p>, <p>1 sheet of gold leaf</p>, <p>6 raspberries </p>]",https://thegreatbritishbakeoff.co.uk/wp-content/uploads/2019/09/Verrines_1024x450_2.png,https://thegreatbritishbakeoff.co.uk/wp-content/uploads/2019/08/Prue_Leith_441_2900x2900-1024x1024-100x100.png
Prue Leith’s Beignets Soufflé,Prue Leith,18,Needs skill,30 mins,40 mins,"[<p>55g unsalted butter</p>, <p>¼ tsp salt </p>, <p>½ tsp caster sugar </p>, <p>65g plain flour, sifted</p>, <p>3 eggs, beaten</p>, <p>icing sugar, for dusting</p>, <p>150g raspberries</p>, <p>150g jam sugar</p>, <p>30g caster sugar</p>, <p>3 egg yolks </p>, <p>60ml Marsala liqueur</p>]",https://thegreatbritishbakeoff.co.uk/wp-content/uploads/2019/09/Beignets-Souffles-1024x450.png,https://thegreatbritishbakeoff.co.uk/wp-content/uploads/2019/08/Prue_Leith_441_2900x2900-1024x1024-100x100.png
Prue Leith’s Maids of Honour,Prue Leith,12,Needs skill,1 hr,30 mins,"[<p>900ml whole milk</p>, <p>1 tsp fine salt</p>, <p>45ml white wine vinegar</p>, <p>200g plain flour, sifted, plus extra for dusting</p>, <p>pinch of salt</p>, <p>35g cold, unsalted butter, diced</p>, <p>80g unsalted butter, frozen</p>, <p>finely grated zest and juice of 1 unwaxed lemon</p>, <p>50g caster sugar </p>, <p>25g unsalted butter, diced</p>, <p>1 large egg, beaten</p>, <p>200g curd cheese (from above) </p>, <p>finely grated zest of 2 unwaxed lemons</p>, <p>100g caster sugar </p>, <p>10g plain flour</p>, <p>2 large eggs </p>, <p>icing sugar, for dusting</p>]",https://thegreatbritishbakeoff.co.uk/wp-content/uploads/2019/09/Maids-of-Honour-1024x450-3.png,https://thegreatbritishbakeoff.co.uk/wp-content/uploads/2019/08/Prue_Leith_441_2900x2900-1024x1024-100x100.png
Paul Hollywood’s Floury Baps & Veggie Burgers,Paul Hollywood,4,Needs skill,"40 mins, plus rising and proving","15 mins, plus 10 mins for frying","[<p>375g strong white bread flour, plus extra for dusting</p>, <p>7g fast-action dried yeast</p>, <p>7g salt</p>, <p>30g caster sugar</p>, <p>30g vegetarian shortening, softened and cut into pieces </p>, <p>250ml water </p>, <p>3 tbsp olive oil</p>, <p>1 small red onion, finely chopped</p>, <p>2 garlic cloves, finely chopped </p>, <p>2 x 400g cans of black beans, drained and rinsed</p>, <p>100g cooked beetroot, grated</p>, <p>2 tbsp sundried tomato paste</p>, <p>1 tsp smoked paprika </p>, <p>1 tsp chilli powder</p>, <p>50g white breadcrumbs </p>, <p>1 egg, beaten</p>, <p>crushed sea salt</p>, <p>2 tbsp tomato ketchup</p>, <p>1 tbsp mayonnaise</p>, <p>1 gherkin, finely chopped</p>, <p>¼ red onion, finely chopped</p>, <p>1 tbsp finely chopped fresh dill </p>, <p>4 slices Monterey Jack cheese</p>, <p>8 baby gem lettuce leaves</p>, <p>4 slices of beef tomato</p>]",https://thegreatbritishbakeoff.co.uk/wp-content/uploads/2019/09/Pauls-Floury-Baps-1024x450-1.png,https://thegreatbritishbakeoff.co.uk/wp-content/uploads/2019/08/Paul_Hollywood_395_2900x2900-1024x1024-100x100.png
Paul Hollywood’s Fig Rolls,Paul Hollywood,12,Challenging,1 hr,15 mins,"[<p>175g plain flour, plus extra for dusting</p>, <p>pinch of fine salt</p>, <p>¼ tsp baking powder</p>, <p>50g unsalted butter, softened</p>, <p>40g light muscovado sugar</p>, <p>1 egg, beaten</p>, <p>½ tsp vanilla extract</p>, <p>200g soft dried figs, roughly chopped</p>, <p>25g light muscovado sugar</p>, <p>1 tsp ground cinnamon</p>, <p>1 ball of stem ginger in syrup, drained and very finely chopped</p>]",https://thegreatbritishbakeoff.co.uk/wp-content/uploads/2019/09/fig-rolls-1024x450-5.png,https://thegreatbritishbakeoff.co.uk/wp-content/uploads/2019/08/Paul_Hollywood_395_2900x2900-1024x1024-100x100.png
Prue Leith’s Angel Cake Slices,Prue Leith,6,Challenging,1 hr 15 mins,15 mins,"[<p>60g unsalted butter, melted and cooled, plus extra for greasing</p>, <p>4 large eggs, at room temperature</p>, <p>120g caster sugar</p>, <p>120g plain flour, sifted</p>, <p>½ tsp vanilla extract</p>, <p>½ tsp natural raspberry flavouring</p>, <p>pink food-colouring gel</p>, <p>finely grated zest of 1 small unwaxed lemon</p>, <p>yellow food-colouring gel</p>, <p>100g caster sugar</p>, <p>1 large egg white</p>, <p>85g unsalted butter, softened</p>, <p>250g fondant icing sugar</p>, <p>pink food-colouring gel</p>]",https://thegreatbritishbakeoff.co.uk/wp-content/uploads/2019/10/angel_slices_2019_1024x450.png,https://thegreatbritishbakeoff.co.uk/wp-content/uploads/2019/08/Prue_Leith_441_2900x2900-1024x1024-100x100.png
Prue Leith’s Choux Swans,Prue Leith,6,Needs skill,35 mins,25 mins,"[<p>50g unsalted butter</p>, <p>pinch of salt</p>, <p>100g plain flour, sifted</p>, <p>3 eggs, beaten</p>, <p>250g raspberries</p>, <p>2 tbsp icing sugar</p>, <p>150ml double cream</p>, <p>1 tbsp icing sugar, plus extra for dusting</p>, <p>½ tsp vanilla extract</p>]",https://thegreatbritishbakeoff.co.uk/wp-content/uploads/2019/05/181207_013_SUTC_ChouxSwans_1024x450.png,https://thegreatbritishbakeoff.co.uk/wp-content/uploads/2019/08/Prue_Leith_441_2900x2900-1024x1024-100x100.png
Chocolate Crumpets with Black Cherry Jam,Prue Leith,6,Easy,"30 mins, plus standing",30 mins,"[<p>75g plain flour</p>, <p>75g strong white flour</p>, <p>25g cocoa powder</p>, <p>7g fast-action dried yeast</p>, <p>½ tsp caster sugar</p>, <p>175ml warm whole milk</p>, <p>75ml warm water</p>, <p>¼ tsp bicarbonate of soda</p>, <p>1 tsp salt</p>, <p>sunflower oil, for cooking &amp; greasing</p>, <p>200g frozen black cherries, defrosted</p>, <p>100g jam sugar</p>, <p>½ tbsp lemon juice</p>, <p>1 cinnamon stick</p>, <p>butter, to serve</p>]",https://thegreatbritishbakeoff.co.uk/wp-content/uploads/2019/05/181205_002_SUTC_ChocCrumpets_1024x450-1024x450.png,https://thegreatbritishbakeoff.co.uk/wp-content/uploads/2019/08/Prue_Leith_441_2900x2900-1024x1024-100x100.png
Paul Hollywood’s Pork Pies,Paul Hollywood,6,Needs skill,1 hr,50 mins,"[<p>400g Bramley apples, peeled, cored and diced</p>, <p>200g soft light brown sugar</p>, <p>125g raisins</p>, <p>½ onion, finely chopped</p>, <p>1 tsp mustard seeds</p>, <p>1 tsp mixed spice</p>, <p>¼ tsp salt</p>, <p>175ml cider vinegar</p>, <p>250g pork loin, minced</p>, <p>75g pork shoulder, minced</p>, <p>75g unsmoked back bacon, minced</p>, <p>½ onion, finely chopped</p>, <p>small bunch of sage, leaves picked and finely chopped</p>, <p>pinch of ground nutmeg</p>, <p>sea salt and freshly ground black pepper</p>, <p>265g plain flour</p>, <p>55g strong white bread flour</p>, <p>55g unsalted butter, diced</p>, <p>1 tsp salt</p>, <p>65g lard</p>, <p>1 egg, lightly beaten, for glazing</p>]",https://thegreatbritishbakeoff.co.uk/wp-content/uploads/2019/05/181205_001_SUTC_PorkPies_1024x450-1024x450.png,https://thegreatbritishbakeoff.co.uk/wp-content/uploads/2019/08/Paul_Hollywood_395_2900x2900-1024x1024-100x100.png
Paul Hollywood’s Cream Horns,Paul Hollywood,6,Needs skill,"1 hr, plus chilling",20 mins,"[<p>100g plain flour</p>, <p>100g strong white bread flour</p>, <p>pinch of salt</p>, <p>35g unsalted butter, chilled and cut into small dice</p>, <p>80g unsalted butter, frozen and grated</p>, <p>1 egg, beaten</p>, <p>caster sugar, for sprinkling</p>, <p>150ml whole milk</p>, <p>35g caster sugar</p>, <p>2 egg yolks</p>, <p>15g cornflour</p>, <p>15g unsalted butter</p>, <p>100ml double cream</p>, <p>finely grated zest of 1 unwaxed orange</p>, <p>4 pieces of crystallised stem ginger, very finely chopped</p>, <p>100g dark chocolate, to decorate</p>]",https://thegreatbritishbakeoff.co.uk/wp-content/uploads/2019/05/SUTC_Cream_Horns_1024x450-1024x450.png,https://thegreatbritishbakeoff.co.uk/wp-content/uploads/2019/08/Paul_Hollywood_395_2900x2900-1024x1024-100x100.png
Prue Leith’s Stripy Swiss Roll,Prue Leith,8–10,Needs skill,20 mins,12 mins,"[<p>125g raspberries</p>, <p>125g strawberries, hulled and halved</p>, <p>250g jam sugar</p>, <p>4 large eggs</p>, <p>100g caster sugar</p>, <p>orange food colouring</p>, <p>black food colouring</p>, <p>100g self-raising flour</p>, <p>300ml double cream</p>, <p>coloured sprinkles (optional)</p>]",https://thegreatbritishbakeoff.co.uk/wp-content/uploads/2019/05/181206_008_SUTC_SwissRoll_1024x450-1024x450.png,https://thegreatbritishbakeoff.co.uk/wp-content/uploads/2019/08/Prue_Leith_441_2900x2900-1024x1024-100x100.png
Prue Leith’s Snow Eggs,Prue Leith,6,Needs skill,50 mins,10 mins,"[<p>200ml whole milk</p>, <p>100ml double cream</p>, <p>¼ tsp vanilla paste</p>, <p>3 large eggs yolks</p>, <p>40g caster sugar</p>, <p>3 large egg whites</p>, <p>pinch of salt</p>, <p>¼ tsp cream of tartar</p>, <p>75g caster sugar</p>, <p>¼ tsp vanilla paste</p>, <p>250g caster sugar</p>, <p>60g glucose syrup</p>]",https://thegreatbritishbakeoff.co.uk/wp-content/uploads/2019/05/Snow_Eggs_1024x450_2-1024x450.png,https://thegreatbritishbakeoff.co.uk/wp-content/uploads/2019/08/Prue_Leith_441_2900x2900-1024x1024-100x100.png
Paul Hollywood’s Leaf Bread,Paul Hollywood,10,Needs skill,2 hrs,10 mins,"[<p>250g plain flour</p>, <p>1½ tsp caster sugar</p>, <p>½ tsp baking powder</p>, <p>½ tsp salt</p>, <p>25g unsalted butter</p>, <p>115ml whole milk</p>, <p>vegetable oil, for frying</p>]",https://thegreatbritishbakeoff.co.uk/wp-content/uploads/2019/05/Xmas_Leaf_Bread_1024x450-1024x450.png,https://thegreatbritishbakeoff.co.uk/wp-content/uploads/2019/08/Paul_Hollywood_395_2900x2900-1024x1024-100x100.png
Paul Hollywood’s Campfire Pitta Breads ,Paul Hollywood,6,Needs skill,"1 hr, plus rising ","1–2 mins per pitta, plus about 40 mins for dips","[<p>125g strong white bread flour, plus extra for dusting</p>, <p>125g wholemeal flour</p>, <p>1 tsp salt</p>, <p>1½ tsp fast-action dried yeast</p>, <p>2 tsp olive oil</p>, <p>160ml cold water  </p>, <p>1 tbsp sesame seeds </p>, <p>1 tsp sumac </p>, <p>1 tbsp dried thyme </p>, <p>½ tsp sea salt </p>, <p>Burnt Pepper Salsa <br/>
Babaganoush <br/>
Smoked Garlic Salsa Verde </p>, <p>1 vine tomato </p>, <p>1 romero pepper </p>, <p>1 green chilli </p>, <p>1 red onion </p>, <p>1 handful of coriander leaves, chopped </p>, <p>½ tsp sea salt </p>, <p>2 tbsp extra-virgin olive oil </p>, <p>juice of 2 limes, to taste </p>, <p>caster sugar, to taste </p>, <p>1 garlic bulb </p>, <p>1 large aubergine </p>, <p>1 tbsp tahini </p>, <p>1 tbsp extra-virgin olive oil, plus extra to finish </p>, <p>½ tsp sea salt </p>, <p>juice of 1 lemon, to taste </p>, <p>about ½ tsp ground coriander, to taste </p>, <p>1 garlic bulb </p>, <p>1 handful of flat-leaf parsley, leaves picked </p>, <p>½ handful of tarragon, leaves picked </p>, <p>½ handful of mint, leaves picked </p>, <p>½ handful of oregano, leaves picked </p>, <p>1 tbsp capers, drained </p>, <p>pinch of pepper </p>, <p>1 tbsp extra-virgin olive oil </p>, <p>2 tbsp cider vinegar, plus extra to taste if needed </p>, <p>1 tsp sea salt, to taste </p>, <p>2 tsp Dijon mustard, to taste </p>]",https://thegreatbritishbakeoff.co.uk/wp-content/uploads/2019/05/GBBO9_Campfire_Pittas_1024x450-1024x450.png,https://thegreatbritishbakeoff.co.uk/wp-content/uploads/2019/08/Paul_Hollywood_395_2900x2900-1024x1024-100x100.png
Prue Leith’s Torta Setteveli,Prue Leith,12–16,Needs skill,"1 hr 30 mins, plus chilling",30 mins ,"[<p>130g plain flour </p>, <p>50g cocoa </p>, <p>180g caster sugar  </p>, <p>6 large eggs </p>, <p>30g unsalted butter, melted, plus extra for greasing </p>, <p>75g caster sugar </p>, <p>1 tbsp hazelnut liqueur  </p>, <p>125g caster sugar </p>, <p>200g blanched hazelnuts, toasted </p>, <p>2 tbsp hazelnut oil </p>, <p>12g gelatine (about 7 leaves) </p>, <p>200ml milk </p>, <p>200ml double cream </p>, <p>5 egg yolks  </p>, <p>100g caster sugar </p>, <p>450ml double cream </p>, <p>65g 70% dark chocolate </p>, <p>25g unsalted butter </p>, <p>40g feuilletine </p>, <p>400ml double cream </p>, <p>150g 70% dark chocolate, chopped </p>, <p>12g gelatine (about 7 leaves) </p>, <p>80ml double cream </p>, <p>40g cocoa powder </p>, <p>120g caster sugar </p>, <p>100g 70% dark chocolate </p>]",https://thegreatbritishbakeoff.co.uk/wp-content/uploads/2019/05/Choc_Torte_1024x450-1024x450.png,https://thegreatbritishbakeoff.co.uk/wp-content/uploads/2019/08/Prue_Leith_441_2900x2900-1024x1024-100x100.png
Paul Hollywood’s Aebleskiver,Paul Hollywood,16,Easy,30 mins,45 mins,"[<p>1 large egg, separated </p>, <p>1 tsp caster sugar </p>, <p>75g plain flour </p>, <p>pinch of salt </p>, <p>¼ tsp bicarbonate of soda </p>, <p>135ml buttermilk </p>, <p>35g unsalted butter, plus extra for cooking </p>, <p>icing sugar, to dust  </p>, <p>2 apples, peeled and cut into ½cm dice </p>, <p>15g butter </p>, <p>juice of 1 lemon </p>, <p>pinch of salt </p>, <p>20g light brown soft sugar </p>, <p>¼ tsp ground nutmeg </p>, <p>1 tbsp ground cinnamon </p>, <p>2 tsp cornflour </p>, <p>400g strawberries, hulled and quartered </p>, <p>175g jam sugar </p>, <p>small knob of unsalted butter  </p>]",https://thegreatbritishbakeoff.co.uk/wp-content/uploads/2019/06/Paul_Hollywood_Aebleskiver_1024x450_1.png,https://thegreatbritishbakeoff.co.uk/wp-content/uploads/2019/08/Paul_Hollywood_395_2900x2900-1024x1024-100x100.png
Prue Leith’s Vegan Tropical Pavlova,Prue Leith,6–8,Needs skill,1 hr,1 hr 15 mins,"[<p>200ml aquafaba (drained from 1½ cans of chickpeas) </p>, <p>½ tsp cream of tartar </p>, <p>270g caster sugar </p>, <p>½ vanilla pod, seeds scraped </p>, <p>1 tsp xanthum gum  </p>, <p>400ml can coconut milk </p>, <p>65g cane sugar </p>, <p>pinch of salt </p>, <p>1 tsp vanilla extract </p>, <p>40g cornflour </p>, <p>50g vegan butter  </p>, <p>50g desiccated coconut, toasted </p>, <p>100ml coconut yoghurt </p>, <p>seeds from 1 passion fruit </p>, <p>1 ripe mango, peeled and roughly chopped </p>, <p>3 tbsp icing sugar </p>, <p>juice of ½ lime </p>, <p>½ pineapple, peeled, cored and sliced </p>, <p>1 ripe mango, peeled and thinly sliced </p>, <p>2 kiwi fruit, peeled and sliced </p>, <p>seeds from 2 passion fruit </p>, <p>kernels from ½ pomegranate </p>, <p>50g vegan white chocolate  </p>, <p>50g coconut flakes, toasted </p>]",https://thegreatbritishbakeoff.co.uk/wp-content/uploads/2019/06/Tropical_Pavlova_1024x450_2.png,https://thegreatbritishbakeoff.co.uk/wp-content/uploads/2019/08/Prue_Leith_441_2900x2900-1024x1024-100x100.png
Prue Leith’s Puits d’Amour,Prue Leith,9 pastries,Needs skill,"1 hr, plus chilling",25 mins,"[<p>165g plain flour </p>, <p>good pinch of salt </p>, <p>115g salted butter, frozen </p>, <p>6–7 tbsp chilled water </p>, <p>250g strawberries, hulled  </p>, <p>25g caster sugar </p>, <p>1 tbsp lemon juice </p>, <p>50g raspberries </p>, <p>500ml whole milk </p>, <p>½ vanilla pod, split, seeds scraped, pod reserved </p>, <p>100g caster sugar </p>, <p>4 egg yolks  </p>, <p>40g cornflour </p>, <p>40g unsalted butter  </p>, <p>4 ½ tsp demerara sugar, to brûlée </p>, <p>55g unsalted butter, diced </p>, <p>pinch of salt </p>, <p>70g plain flour </p>, <p>2 eggs, beaten </p>, <p>beaten egg, for brushing </p>, <p>nibbed sugar, for sprinkling </p>]",https://thegreatbritishbakeoff.co.uk/wp-content/uploads/2019/06/Puits_dAmour_1024x450_5.png,https://thegreatbritishbakeoff.co.uk/wp-content/uploads/2019/08/Prue_Leith_441_2900x2900-1024x1024-100x100.png
Paul Hollywood’s Ma’amoul,Paul Hollywood,12,Easy,"45 mins, plus chilling",15 mins,"[<p>pinch of mastic </p>, <p>20g caster sugar </p>, <p>175g fine semolina </p>, <p>20g plain flour </p>, <p>½ tsp ground mahleb </p>, <p>90g chilled ghee </p>, <p>2 tsp orange blossom water </p>, <p>2 tsp rose water  </p>, <p>icing sugar, to dust </p>, <p>75g medjool dates, stoned </p>, <p>1 tbsp rose water  </p>, <p>¼ tsp ground cinnamon </p>, <p>¼ tsp ground mahleb </p>, <p>25g walnuts </p>, <p>25g golden raisins </p>, <p>1 tbsp orange blossom honey </p>, <p>¼ tsp ground cardamom  </p>]",https://thegreatbritishbakeoff.co.uk/wp-content/uploads/2019/06/Maamoul_1024x450.png,https://thegreatbritishbakeoff.co.uk/wp-content/uploads/2019/08/Paul_Hollywood_395_2900x2900-1024x1024-100x100.png
Prue Leith’s Raspberry Blancmange,Prue Leith,12,Easy,"30 mins, plus setting",10 mins,"[<p>8 gelatine leaves  </p>, <p>750g raspberries </p>, <p>50ml raspberry liqueur  </p>, <p>25g cornflour </p>, <p>300ml whole milk </p>, <p>150g caster sugar </p>, <p>40g ground almonds </p>, <p>1 tsp almond extract </p>, <p>450ml double cream </p>, <p>crystallised rose petals, to decorate  </p>, <p>40g unsalted butter, softened  </p>, <p>40g icing sugar  </p>, <p>¼ tsp almond extract </p>, <p>1 large egg white </p>, <p>40g plain flour </p>, <p>pinch of salt </p>, <p>150g good-quality white chocolate, melted </p>, <p>green cocoa butter  </p>]",https://thegreatbritishbakeoff.co.uk/wp-content/uploads/2019/06/Raspberry_Blancmange_1024x450.png,https://thegreatbritishbakeoff.co.uk/wp-content/uploads/2019/08/Prue_Leith_441_2900x2900-1024x1024-100x100.png
Paul Hollywood’s Naan Bread with Garlic Ghee,Paul Hollywood,8,Easy,"20 mins, plus rising",15 mins,"[<p>450g plain flour  </p>, <p>1 tsp salt </p>, <p>1 tsp baking powder  </p>, <p>200ml whole milk </p>, <p>100ml natural yogurt </p>, <p>1 egg </p>, <p>1 tbsp caster sugar </p>, <p>small bunch of coriander, chopped, to serve </p>, <p>250g salted butter </p>, <p>4 garlic cloves, peeled and finely chopped  </p>]",https://thegreatbritishbakeoff.co.uk/wp-content/uploads/2019/07/Garlic_naan_1024x450.png,https://thegreatbritishbakeoff.co.uk/wp-content/uploads/2019/08/Paul_Hollywood_395_2900x2900-1024x1024-100x100.png
Prue Leith’s Le Gâteau Vert,Prue Leith,8–10,Needs skill,1 hr,40 mins,"[<p>300g pistachio kernels </p>, <p>225g icing sugar </p>, <p>1 large egg white, whisked </p>, <p>1 tsp pistachio essence </p>, <p>50g pistachio kernels </p>, <p>75g plain flour </p>, <p>125g caster sugar </p>, <p>4 large eggs </p>, <p>25g unsalted butter, melted </p>, <p>grated zest of 1 unwaxed lemon </p>, <p>300g spinach </p>, <p>100g pistachio kernels </p>, <p>1 tbsp kirsch </p>, <p>150g unsalted butter, softened </p>, <p>80g caster sugar </p>, <p>2 large egg yolks </p>, <p>250g fondant icing sugar </p>, <p>3–4 tbsp spinach water (see method) </p>, <p>½ tsp pistachio essence (optional) </p>, <p>25g pistachio kernels </p>, <p>edible flowers, to decorate </p>]",https://thegreatbritishbakeoff.co.uk/wp-content/uploads/2019/07/Monet_Vert_1024x450.png,https://thegreatbritishbakeoff.co.uk/wp-content/uploads/2019/08/Prue_Leith_441_2900x2900-1024x1024-100x100.png
Paul Hollywood’s Wagon Wheels Biscuits,Paul Hollywood,8,Challenging,"2 hrs, plus chilling ",12 mins,"[<p>200g plain flour</p>, <p>pinch of salt</p>, <p>150g salted butter, diced</p>, <p>75g caster sugar</p>, <p>1 tbsp vanilla paste</p>, <p>1 egg yolk</p>, <p>225g 70% dark chocolate, melted, to coat</p>, <p>100g raspberries</p>, <p>125g jam sugar</p>, <p>1 x 12g sachet powdered gelatine</p>, <p>200g caster sugar</p>, <p>1½ tsp glucose</p>, <p>1 large egg white</p>, <p>½ tsp vanilla extract</p>]",https://thegreatbritishbakeoff.co.uk/wp-content/uploads/2019/07/Wagon_Wheels_1024x450.png,https://thegreatbritishbakeoff.co.uk/wp-content/uploads/2019/08/Paul_Hollywood_395_2900x2900-1024x1024-100x100.png
Prue Leith’s Custard Pie,Prue Leith,8,Challenging,"2 hrs, plus chilling ",12 mins,"[<p>170g plain flour, plus extra for dusting</p>, <p>pinch of salt</p>, <p>100g unsalted butter, cut into cubes</p>, <p>2 tbsp icing sugar, sifted</p>, <p>1 medium egg yolk</p>, <p>2–3 tbsp cold water</p>, <p>450ml whole milk</p>, <p>4 Burford Brown egg yolks</p>, <p>75g caster sugar</p>, <p>25g plain flour</p>, <p>25g cornflour</p>, <p>1 tsp vanilla essence</p>, <p>450ml double cream</p>]",https://thegreatbritishbakeoff.co.uk/wp-content/uploads/2019/08/Custard_Tart_1024x450-1024x450.png,https://thegreatbritishbakeoff.co.uk/wp-content/uploads/2019/08/Prue_Leith_441_2900x2900-1024x1024-100x100.png
Paul Hollywood’s Fruit Turnovers,Paul Hollywood,6,Challenging,"2 hrs, plus chilling ",12 mins,"[<p>300g all purpose flour, plus extra for dusting</p>, <p>pinch of salt</p>, <p>50g butter, chilled and cut into cubes</p>, <p>6–8 tbsp water</p>, <p>120g butter, frozen</p>, <p>1 egg, beaten, to glaze</p>, <p>410g can apricot halves, drained</p>, <p>15g caster sugar</p>, <p>½ tsp almond extract</p>, <p>2 tbsp cornflour</p>, <p>juice of 1 small lemon</p>, <p>24 raspberries</p>, <p>100g icing sugar, sifted</p>, <p>juice of ½–1 small lemon</p>]",https://thegreatbritishbakeoff.co.uk/wp-content/uploads/2019/08/Fruit_Turnover_1024x450-1024x450.png,https://thegreatbritishbakeoff.co.uk/wp-content/uploads/2019/08/Paul_Hollywood_395_2900x2900-1024x1024-100x100.png
Prue Leith’s Tiramisu Sandwich Biscuits,Prue Leith,8,Challenging,"2 hrs, plus chilling ",12 mins,"[<p>200g very soft unsalted butter</p>, <p>40g icing sugar</p>, <p>2 tbsp coffee liqueur</p>, <p>½ tsp instant espresso powder</p>, <p>180g plain flour</p>, <p>20g cornflour</p>, <p>125g unsalted butter, softened</p>, <p>250g icing sugar, sifted</p>, <p>2 tbsp coffee liqueur</p>, <p>½ tsp instant espresso powder</p>, <p>100g plain chocolate, 70% cocoa solids</p>, <p>8 chocolate-covered coffee beans</p>]",https://thegreatbritishbakeoff.co.uk/wp-content/uploads/2019/08/Tiramisu_Biscuits_1024x450-1024x450.png,https://thegreatbritishbakeoff.co.uk/wp-content/uploads/2019/08/Prue_Leith_441_2900x2900-1024x1024-100x100.png
Paul Hollywood’s Devil’s Food Cake,Paul Hollywood,12–16,Challenging,"2 hrs, plus chilling ",12 mins,"[<p>200ml double cream</p>, <p>350g butter</p>, <p>450g dark chocolate (36% cocoa solids), finely chopped</p>, <p>75g cocoa powder, sifted</p>, <p>150g light brown sugar</p>, <p>2 tsp vanilla paste</p>, <p>375ml boiling water</p>, <p>200g butter, plus extra for greasing</p>, <p>225g caster sugar</p>, <p>3 large eggs</p>, <p>335g plain flour</p>, <p>1 tsp baking powder</p>, <p>1 tsp bicarbonate of soda</p>, <p>150g dark chocolate (70% cocoa solids)</p>, <p>edible gold spray</p>]",https://thegreatbritishbakeoff.co.uk/wp-content/uploads/2019/08/Devils-Food-Cake-1024x450-1024x450.png,https://thegreatbritishbakeoff.co.uk/wp-content/uploads/2019/08/Paul_Hollywood_395_2900x2900-1024x1024-100x100.png
Paul Hollywood’s Crepe Suzette,Paul Hollywood,6,Challenging,"2 hrs, plus chilling ",12 mins,"[<p>125g plain flour</p>, <p>½ tsp salt</p>, <p>15g caster sugar</p>, <p>2 medium eggs</p>, <p>250ml full-fat milk</p>, <p>sunflower oil, to grease the pan</p>, <p>4 oranges</p>, <p>50g icing sugar</p>, <p>30g unsalted butter, cubed</p>, <p>3 tbsp Grand Marnier</p>, <p>1 tbsp brandy</p>]",https://thegreatbritishbakeoff.co.uk/wp-content/uploads/2019/08/Crepe-Suzette-1024x450-1024x450.png,https://thegreatbritishbakeoff.co.uk/wp-content/uploads/2019/08/Paul_Hollywood_395_2900x2900-1024x1024-100x100.png
Paul Hollywood’s Christmas Kransekake,Paul Hollywood,1 large kransekake,Challenging,"2 hrs, plus chilling ",12 mins,"[<p>600g blanched almonds, finely ground</p>, <p>600g icing sugar, sifted, plus extra for dusting</p>, <p>3 large egg whites, beaten</p>, <p>1 tsp almond extract</p>, <p>300g Iranian pistachios, finely ground</p>, <p>3 egg whites / 6 tbsp pasteurised egg whites</p>, <p>600g icing sugar</p>, <p>25g white sugar florist paste</p>, <p>cornflour, for dusting</p>]",https://thegreatbritishbakeoff.co.uk/wp-content/uploads/2019/08/kranesekake-1024x450.png,https://thegreatbritishbakeoff.co.uk/wp-content/uploads/2019/08/Paul_Hollywood_395_2900x2900-1024x1024-100x100.png
Prue Leith’s Mince Pies,Prue Leith,12,Challenging,"2 hrs, plus chilling ",12 mins,"[<p>170g plain flour, plus extra for dusting</p>, <p>100g butter, cut into cubes</p>, <p>2 tbsp icing sugar, plus extra for dusting</p>, <p>1 medium egg yolk</p>, <p>2 tbsp cold water</p>, <p>1 medium egg, beaten</p>, <p>75g raisins</p>, <p>75g sultanas</p>, <p>75g dried figs, chopped</p>, <p>50g chopped mixed peel</p>, <p>3 pieces stem ginger, finely chopped</p>, <p>50g pecans, chopped</p>, <p>½ tsp mixed spice</p>, <p>2 tbsp whisky</p>, <p>75g soft light brown sugar</p>, <p>50g butter, melted</p>, <p>1 firm pear, grated</p>, <p>125g unsalted butter</p>, <p>125g icing sugar</p>, <p>grated rind of ½ orange</p>, <p>3 tbsp brandy</p>]",https://thegreatbritishbakeoff.co.uk/wp-content/uploads/2019/08/mince-pies-1024x450-1024x450.png,https://thegreatbritishbakeoff.co.uk/wp-content/uploads/2019/08/Prue_Leith_441_2900x2900-1024x1024-100x100.png
Prue Leith’s Iced Ginger Biscuits,Prue Leith,12,Needs skill,2 hrs,12 mins,"[<p>150g unsalted butter</p>, <p>100g light muscovado sugar</p>, <p>2 tsp molasses</p>, <p>3 tbsp beaten egg</p>, <p>225g plain flour</p>, <p>¾ tsp bicarbonate of soda</p>, <p>1½ tsp ground cinnamon</p>, <p>1 tsp ground ginger</p>, <p>¼ tsp salt</p>, <p>¼ tsp ground cloves</p>, <p>3 large egg whites</p>, <p>750g icing sugar</p>, <p>1 tsp lemon juice</p>, <p>blue, yellow, green and red food-colouring pastes</p>]",https://thegreatbritishbakeoff.co.uk/wp-content/uploads/2017/10/171013_065_Prues_GingerBiscuits_450.jpg,https://thegreatbritishbakeoff.co.uk/wp-content/uploads/2019/08/Prue_Leith_441_2900x2900-1024x1024-100x100.png
Paul Hollywood’s Cumberland Rum Nicky,Paul Hollywood,8-Jun,Easy,"25 mins, plus chilling",35 mins,"[<p>250g medjool dates, pitted and coarsely chopped</p>, <p>100g dried apricots, coarsely chopped</p>, <p>50g crystallised ginger, finely chopped</p>, <p>50ml dark rum</p>, <p>50g dark brown soft sugar</p>, <p>50g unsalted butter, cut into 1cm dice</p>, <p>200g plain flour</p>, <p>2 tbsp icing sugar</p>, <p>100g unsalted butter, chilled and cut into 1cm dice</p>, <p>1 egg, lightly beaten</p>, <p>1 tsp lemon juice</p>, <p>2 tbsp very cold water</p>, <p>1 egg, beaten, to glaze</p>, <p>100g unsalted butter, softened</p>, <p>225g light brown soft sugar</p>, <p>75ml dark rum</p>]",https://thegreatbritishbakeoff.co.uk/wp-content/uploads/2017/10/170920_039_RumNicky_450.jpg,https://thegreatbritishbakeoff.co.uk/wp-content/uploads/2019/08/Paul_Hollywood_395_2900x2900-1024x1024-100x100.png
Prue Leith’s Pizza Margherita,Prue Leith,2,Needs skill,"30 mins, plus rising",15 mins,"[<p>200g ‘00’ flour, plus extra for dusting</p>, <p>½ tsp fine salt</p>, <p>10g fresh yeast</p>, <p>pinch of caster sugar</p>, <p>115ml lukewarm water</p>, <p>2 tbsp olive oil, plus extra for greasing</p>, <p>semolina, for dusting</p>, <p>3 tbsp extra-virgin olive oil</p>, <p>4 garlic cloves, peeled and finely chopped</p>, <p>400g can San Marzano plum tomatoes</p>, <p>juice of ½ lemon</p>, <p>½ tsp caster sugar</p>, <p>pinch of salt </p>, <p>1 tbsp extra-virgin olive oil</p>, <p>125g ball mozzarella</p>, <p>6 basil leaves</p>]",https://thegreatbritishbakeoff.co.uk/wp-content/uploads/2019/09/Margherita-1024x450.png,https://thegreatbritishbakeoff.co.uk/wp-content/uploads/2019/08/Prue_Leith_441_2900x2900-1024x1024-100x100.png
Paul Hollywood’s Pastéis de Nata,Paul Hollywood,12,Needs skill,"1 hr, plus chilling",12 mins,"[<p>150g plain flour</p>, <p>pinch of salt</p>, <p>25g unsalted butter, chilled and diced</p>, <p>50–75ml chilled water</p>, <p>60g unsalted butter, frozen</p>, <p>375ml whole milk</p>, <p>45g plain flour</p>, <p>2 strips of pared unwaxed lemon zest</p>, <p>1 cinnamon stick</p>, <p>375g caster sugar</p>, <p>7 large egg yolks</p>]",https://thegreatbritishbakeoff.co.uk/wp-content/uploads/2017/10/170920_037_PaulsCustardTarts_450.jpg,https://thegreatbritishbakeoff.co.uk/wp-content/uploads/2019/08/Paul_Hollywood_395_2900x2900-1024x1024-100x100.png
Paul Hollywood’s Molten Puddings,Paul Hollywood,6,Easy,20 mins,12 mins,"[<p>2–3 tbsp cocoa powder, for dusting </p>, <p>165g 70% dark chocolate </p>, <p>165g unsalted butter </p>, <p>3 eggs </p>, <p>3 egg yolks </p>, <p>85g caster sugar </p>, <p>2 tbsp plain flour </p>, <p>6 heaped tsp smooth peanut butter</p>]",https://thegreatbritishbakeoff.co.uk/wp-content/uploads/2019/10/Molten_Choc_Puds_1024_3.png,https://thegreatbritishbakeoff.co.uk/wp-content/uploads/2019/08/Paul_Hollywood_395_2900x2900-1024x1024-100x100.png
Prue Leith’s Stroopwafels,Prue Leith,12,Needs skill,"20 mins, plus resting",50 mins,"[<p>300g plain flour </p>, <p>65g unsalted butter </p>, <p>7g fast-action dried yeast </p>, <p>½ tsp ground cinnamon </p>, <p>65g caster sugar </p>, <p>65ml warm water </p>, <p>1 large egg </p>, <p>pinch of salt</p>, <p>200g light brown soft sugar </p>, <p>100g unsalted butter </p>, <p>1 tsp ground cinnamon </p>, <p>5 tbsp golden syrup </p>, <p>1 tbsp vanilla extract</p>]",https://thegreatbritishbakeoff.co.uk/wp-content/uploads/2019/09/Stroopwafels_1024x450.png,https://thegreatbritishbakeoff.co.uk/wp-content/uploads/2019/08/Prue_Leith_441_2900x2900-1024x1024-100x100.png
Paul Hollywood’s Classic Cottage Loaf,Paul Hollywood,1 loaf,Easy,"20 mins, plus rising",40 mins,"[<p>500g strong white bread flour, plus extra for dusting </p>, <p>7g fast-action dried yeast </p>, <p>7g fine salt </p>, <p>50g lard, cut into small pieces and softened </p>, <p>oil, for greasing</p>]",https://thegreatbritishbakeoff.co.uk/wp-content/uploads/2017/09/170905_016B_PaulsCottageLoaf_450.jpg,https://thegreatbritishbakeoff.co.uk/wp-content/uploads/2019/08/Paul_Hollywood_395_2900x2900-1024x1024-100x100.png
Paul Hollywood’s Fortune Cookies,Paul Hollywood,12,Needs skill,30 mins,1 hr 12 mins,"[<p>2 large egg whites </p>, <p>3 tbsp vegetable oil </p>, <p>65g plain flour </p>, <p>1½ tsp cornflour </p>, <p>pinch of salt </p>, <p>100g caster sugar</p>, <p>1 tsp almond extract </p>, <p>150g white chocolate, melted, to decorate </p>, <p>50g chopped hazelnuts, toasted, to decorate </p>, <p>1 tsp orange extract </p>, <p>orange food-colouring paste</p>]",https://thegreatbritishbakeoff.co.uk/wp-content/uploads/2019/09/Fortune_Cookies_1024x450.png,https://thegreatbritishbakeoff.co.uk/wp-content/uploads/2019/08/Paul_Hollywood_395_2900x2900-1024x1024-100x100.png
Prue Leith’s Chocolate Mini Rolls,Prue Leith,12,Needs skill,45 mins,18 mins,"[<p>60g cocoa powder</p>, <p>30g unsalted butter, melted</p>, <p>1 tsp vanilla extract</p>, <p>4 tbsp boiling water</p>, <p>6 large eggs, separated</p>, <p>150g caster sugar</p>, <p>150g unsalted butter, softened</p>, <p>300g icing sugar</p>, <p>1 tsp peppermint essence</p>, <p>200g 70% dark chocolate</p>, <p>200g milk chocolate</p>, <p>100g white chocolate</p>]",https://thegreatbritishbakeoff.co.uk/wp-content/uploads/2019/09/Swiss-Rolls-1024x450.png,https://thegreatbritishbakeoff.co.uk/wp-content/uploads/2019/08/Prue_Leith_441_2900x2900-1024x1024-100x100.png
Mary Berry’s Victoria Sponge,Prue Leith,10-Aug,Needs skill,45 mins,18 mins,"[<p>4 large eggs</p>, <p>225g caster sugar, plus extra for sprinkling</p>, <p>225g self-raising flour</p>, <p>1 level tsp baking powder</p>, <p>225g unsalted butter, softened, plus extra for greasing</p>, <p>200g raspberries</p>, <p>250g jam sugar</p>, <p>100g unsalted butter, softened</p>, <p>200g icing sugar, sifted</p>, <p>2 tbsp milk</p>]",https://thegreatbritishbakeoff.co.uk/wp-content/uploads/2019/12/Recipe_Card_B_1024_1-1024x450.png,https://thegreatbritishbakeoff.co.uk/wp-content/uploads/2019/08/Prue_Leith_441_2900x2900-1024x1024-100x100.png
Paul Hollywood’s Savarin,Paul Hollywood,10-Aug,Needs skill,45 mins,18 mins,"[<p>350g plain flour</p>, <p>50g caster sugar</p>, <p>10g instant yeast</p>, <p>½ tsp salt</p>, <p>3 tbsp milk</p>, <p>6 eggs</p>, <p>180g unsalted butter, at room temperature, cubed, plus extra for greasing</p>, <p>finely grated zest of 1 large orange</p>, <p>finely grated zest of 1 large lemon</p>, <p>300g caster sugar</p>, <p>juice of 1 large lemon</p>, <p>150ml water</p>, <p>100ml orange liqueur, preferably Grand Marnier</p>, <p>100g plain chocolate, 70% cocoa solids</p>, <p>50g white chocolate, melted</p>, <p>150g caster sugar</p>, <p>60ml water</p>, <p>300ml double cream</p>, <p>15g icing sugar</p>, <p>½ tsp vanilla paste</p>, <p>orange segments </p>, <p>sliced mango</p>, <p>sliced kiwi </p>, <p>sliced strawberries </p>, <p>pomegranate kernels </p>, <p>blueberries </p>, <p>raspberries</p>, <p>pomegranate kernels</p>]",https://thegreatbritishbakeoff.co.uk/wp-content/uploads/2019/12/Recipe_Card_C_1024_1-1024x450.png,https://thegreatbritishbakeoff.co.uk/wp-content/uploads/2019/08/Paul_Hollywood_395_2900x2900-1024x1024-100x100.png
Paul Hollywood’s Jumbles,Paul Hollywood,8,Needs skill,45 mins,18 mins,"[<p>1 tsp caraway seeds</p>, <p>375g plain flour, plus extra for dusting</p>, <p>½ tsp ground aniseed</p>, <p>½ tsp ground mace</p>, <p>60g unsalted butter, cubed</p>, <p>150g caster sugar</p>, <p>finely grated zest 1 large or 2 small lemons</p>, <p>3 medium eggs, lightly beaten</p>, <p>1 medium egg, lightly beaten</p>, <p>caster sugar, for sprinkling</p>]",https://thegreatbritishbakeoff.co.uk/wp-content/uploads/2019/12/Recipe_Card_B_1024_1-1024x450.png,https://thegreatbritishbakeoff.co.uk/wp-content/uploads/2019/08/Paul_Hollywood_395_2900x2900-1024x1024-100x100.png
Mary Berry’s Marjolaine,Paul Hollywood,12-Oct,Needs skill,45 mins,18 mins,"[<p>125g blanched almonds</p>, <p>125g blanched hazelnuts</p>, <p>300g caster sugar</p>, <p>25g cornflour</p>, <p>6 large egg whites (reserve the yolks)</p>, <p>270ml double cream</p>, <p>360g plain chocolate, 46% cocoa solids</p>, <p>100g blanched almonds</p>, <p>300g caster sugar</p>, <p>100ml water</p>, <p>225g caster sugar</p>, <p>75ml water</p>, <p>pinch cream of tartar</p>, <p>8 egg yolks (see above)</p>, <p>350g unsalted butter, softened</p>, <p>150g flaked almonds</p>, <p>50g roasted, chopped hazelnuts</p>, <p>50g slivered pistachios</p>]",https://thegreatbritishbakeoff.co.uk/wp-content/uploads/2019/12/Recipe_Card_C_1024_1-1024x450.png,https://thegreatbritishbakeoff.co.uk/wp-content/uploads/2019/08/Paul_Hollywood_395_2900x2900-1024x1024-100x100.png
Paul Hollywood’s Herby Fougasse,Paul Hollywood,2 large loaves,Needs skill,45 mins,18 mins,"[<p>500g strong white bread flour, plus extra for dusting</p>, <p>10g fine salt</p>, <p>10g instant yeast</p>, <p>2 tbsp olive oil, plus extra for brushing</p>, <p>350ml warm water</p>, <p>2 tsp chopped fresh rosemary, plus extra to finish</p>, <p>2 tsp chopped fresh thyme</p>, <p>2 tsp chopped fresh sage</p>, <p>fine semolina for dusting</p>, <p>½ tsp dried oregano</p>, <p>crushed sea salt, to finish</p>]",https://thegreatbritishbakeoff.co.uk/wp-content/uploads/2019/12/Recipe_Card_C_1024_1-1024x450.png,https://thegreatbritishbakeoff.co.uk/wp-content/uploads/2019/08/Paul_Hollywood_395_2900x2900-1024x1024-100x100.png
Mary Berry’s Bakewell Tart,Paul Hollywood,12,Needs skill,45 mins,18 mins,"[<p>200g raspberries</p>, <p>250g jam sugar</p>, <p>225g plain flour</p>, <p>150g chilled butter</p>, <p>25g icing sugar</p>, <p>1 large egg, beaten</p>, <p>2 tbsp cold water</p>, <p>150g butter, softened</p>, <p>150g caster sugar</p>, <p>150g ground almonds</p>, <p>1 large egg, beaten</p>, <p>1 tsp almond extract</p>, <p>300g icing sugar</p>, <p>1 tsp almond extract</p>, <p>3 tbsp water</p>, <p>pink food colouring gel</p>]",https://thegreatbritishbakeoff.co.uk/wp-content/uploads/2019/12/Recipe_Card_B_1024_1-1024x450.png,https://thegreatbritishbakeoff.co.uk/wp-content/uploads/2019/08/Paul_Hollywood_395_2900x2900-1024x1024-100x100.png
Paul Hollywood’s Lacy Pancakes,Paul Hollywood,12,Needs skill,45 mins,18 mins,"[<p>175g plain flour</p>, <p>1 large egg</p>, <p>1 large egg yolk</p>, <p>300ml milk</p>, <p>25g unsalted butter, melted</p>]",https://thegreatbritishbakeoff.co.uk/wp-content/uploads/2019/12/Recipe_Card_B_1024_1-1024x450.png,https://thegreatbritishbakeoff.co.uk/wp-content/uploads/2019/08/Paul_Hollywood_395_2900x2900-1024x1024-100x100.png
Paul Hollywood’s Dampfnudel,Paul Hollywood,12 dampfnudels,Needs skill,45 mins,18 mins,"[<p>500g strong white bread flour, plus extra for dusting</p>, <p>100g caster sugar</p>, <p>7g instant yeast</p>, <p>150ml warm whole milk</p>, <p>2 large eggs, lightly beaten</p>, <p>70g unsalted butter, melted</p>, <p>finely grated zest of 1 lemon</p>, <p>4 ripe plums</p>, <p>juice of 1 medium orange</p>, <p>50g demerara sugar</p>, <p>pinch of ground cinnamon</p>, <p>150ml whole milk</p>, <p>150ml double cream</p>, <p>3 large egg yolks</p>, <p>50g caster sugar</p>, <p>2 tsp plain flour</p>, <p>½ tsp vanilla bean paste</p>, <p>25g unsalted butter</p>, <p>150ml whole milk</p>, <p>25g caster sugar</p>]",https://thegreatbritishbakeoff.co.uk/wp-content/uploads/2019/12/Recipe_Card_B_1024_1-1024x450.png,https://thegreatbritishbakeoff.co.uk/wp-content/uploads/2019/08/Paul_Hollywood_395_2900x2900-1024x1024-100x100.png
Mary Berry’s Viennese Whirls,Paul Hollywood,12-14 biscuits,Needs skill,45 mins,18 mins,"[<p>200g raspberries</p>, <p>250g jam sugar</p>, <p>250g very soft unsalted butter</p>, <p>50g icing sugar</p>, <p>225g plain flour</p>, <p>25g cornflour</p>, <p>100g unsalted butter, softened</p>, <p>200g icing sugar, plus extra for dusting</p>, <p>½ tsp vanilla extract</p>]",https://thegreatbritishbakeoff.co.uk/wp-content/uploads/2019/12/Recipe_Card_C_1024_1-1024x450.png,https://thegreatbritishbakeoff.co.uk/wp-content/uploads/2019/08/Paul_Hollywood_395_2900x2900-1024x1024-100x100.png
Mary Berry’s Jaffa Cakes,Paul Hollywood,12,Needs skill,45 mins,18 mins,"[<p>135g packet orange jelly</p>, <p>finely grated zest of 1 small orange</p>, <p>150ml boiling water</p>, <p>unsalted butter, for greasing</p>, <p>2 large eggs</p>, <p>50g caster sugar</p>, <p>50g self-raising flour, sifted</p>, <p>180g plain chocolate, 46% cocoa solids</p>]",https://thegreatbritishbakeoff.co.uk/wp-content/uploads/2019/12/Recipe_Card_C_1024_1-1024x450.png,https://thegreatbritishbakeoff.co.uk/wp-content/uploads/2019/08/Paul_Hollywood_395_2900x2900-1024x1024-100x100.png
Mary Berry’s Paris Brest,Paul Hollywood,4,Needs skill,45 mins,18 mins,"[<p>112g strong flour</p>, <p>80ml water</p>, <p>60ml whole milk</p>, <p>pinch of table salt</p>, <p>pinch of caster sugar</p>, <p>55g unsalted butter</p>, <p>3 medium eggs, lightly beaten</p>, <p>1 medium egg, for egg wash</p>, <p>handful of flaked almonds</p>, <p>200g caster sugar</p>, <p>100g blanched hazelnuts</p>, <p>600ml double cream</p>, <p>1 vanilla pod</p>, <p>icing sugar, to dust</p>]",https://thegreatbritishbakeoff.co.uk/wp-content/uploads/2019/12/Recipe_Card_A_1024_1-1024x450.png,https://thegreatbritishbakeoff.co.uk/wp-content/uploads/2019/08/Paul_Hollywood_395_2900x2900-1024x1024-100x100.png
Paul Hollywood’s Pandoro,Paul Hollywood,10-Aug,Needs skill,45 mins,18 mins,"[<p>500g strong white flour, plus extra for dusting</p>, <p>5g salt</p>, <p>125g caster sugar</p>, <p>10g dried active yeast</p>, <p>finely grated zest of 1 orange</p>, <p>finely grated zest of 1 lemon</p>, <p>150g softened butter, plus extra for greasing</p>, <p>100ml warm milk</p>, <p>2 medium eggs, preferably Burford Brown or other variety with golden yolk</p>, <p>2 egg yolks, preferably Burford Brown or other variety with golden yolk</p>, <p>2 tsp vanilla paste</p>]",https://thegreatbritishbakeoff.co.uk/wp-content/uploads/2019/12/Recipe_Card_A_1024_1-1024x450.png,https://thegreatbritishbakeoff.co.uk/wp-content/uploads/2019/08/Paul_Hollywood_395_2900x2900-1024x1024-100x100.png
Mary Berry’s Rosace à l’Orange,Paul Hollywood,10,Needs skill,45 mins,18 mins,"[<p>1 large orange</p>, <p>400ml water</p>, <p>400g caster sugar</p>, <p>50ml Grand Marnier</p>, <p>600ml whole milk</p>, <p>1 tsp vanilla bean paste</p>, <p>4 large eggs</p>, <p>100g caster sugar</p>, <p>60g plain flour</p>, <p>300ml whipping cream</p>, <p>50g butter, plus extra for greasing</p>, <p>4 large eggs</p>, <p>100g caster sugar</p>, <p>100g plain flour, sifted</p>]",https://thegreatbritishbakeoff.co.uk/wp-content/uploads/2019/12/Recipe_Card_B_1024_1-1024x450.png,https://thegreatbritishbakeoff.co.uk/wp-content/uploads/2019/08/Paul_Hollywood_395_2900x2900-1024x1024-100x100.png
Paul Hollywood’s Leftover Turkey & Ham Pie,Paul Hollywood,6,Needs skill,45 mins,18 mins,"[<p>400g plain flour, plus extra for dusting</p>, <p>pinch of salt</p>, <p>65g chilled butter</p>, <p>160g frozen butter</p>, <p>150–180ml cold water</p>, <p>45g butter</p>, <p>2 large leeks, washed and roughly sliced</p>, <p>finely grated zest and juice of 1 orange</p>, <p>50ml medium sherry</p>, <p>3 tbsp plain flour</p>, <p>500ml chicken stock (or 250ml leftover gravy and 250ml stock)</p>, <p>1 heaped tsp wholegrain mustard</p>, <p>200ml single cream</p>, <p>650g leftover turkey meat, cut into bite-size pieces</p>, <p>250g leftover ham, cut into bite-size pieces</p>, <p>2 tbsp tarragon, roughly chopped</p>, <p>salt and white pepper</p>, <p>1 beaten egg to glaze</p>]",https://thegreatbritishbakeoff.co.uk/wp-content/uploads/2019/12/Recipe_Card_A_1024_1-1024x450.png,https://thegreatbritishbakeoff.co.uk/wp-content/uploads/2019/08/Paul_Hollywood_395_2900x2900-1024x1024-100x100.png
Mary Berry’s Christmas Trifle,Paul Hollywood,10,Needs skill,45 mins,18 mins,"[<p>600ml water</p>, <p>finely grated zest of 1 lemon</p>, <p>250g ready to eat, dried apricots</p>, <p>150g dried, sweet cranberries</p>, <p>150g dried pineapple</p>, <p>3 large egg yolks</p>, <p>35g cornflour</p>, <p>50g caster sugar</p>, <p>600ml milk</p>, <p>300ml single cream</p>, <p>16 trifle sponges</p>, <p>½ jar of apricot jam</p>, <p>20 ratafias</p>, <p>250ml medium-dry sherry</p>, <p>600ml double pouring cream</p>, <p>50g flaked almonds, toasted</p>]",https://thegreatbritishbakeoff.co.uk/wp-content/uploads/2019/12/Recipe_Card_C_1024_1-1024x450.png,https://thegreatbritishbakeoff.co.uk/wp-content/uploads/2019/08/Paul_Hollywood_395_2900x2900-1024x1024-100x100.png
Paul Hollywood’s Chelsea Bun Christmas Tree,Paul Hollywood,15,Needs skill,45 mins,18 mins,"[<p>800g strong white flour, plus extra for dusting</p>, <p>1 tbsp salt</p>, <p>15g sachet fast-acting yeast</p>, <p>400ml milk</p>, <p>60g unsalted butter, plus extra for greasing</p>, <p>2 free-range eggs</p>, <p>411g jar mincemeat</p>, <p>1 apple, finely diced</p>, <p>1 pear, finely diced</p>, <p>finely grated zest of 1 orange</p>, <p>75g pistachio nuts, chopped</p>, <p>100g candied peel</p>, <p>1 tbsp ground cinnamon</p>, <p>25g unsalted butter, melted</p>, <p>3 tbsp apricot jam</p>, <p>200g icing sugar, sifted</p>, <p>finely grated zest of 1 orange</p>, <p>15 glace cherries</p>, <p>40g candied peel</p>, <p>25g pistachio nibs</p>]",https://thegreatbritishbakeoff.co.uk/wp-content/uploads/2019/12/Recipe_Card_B_1024_1-1024x450.png,https://thegreatbritishbakeoff.co.uk/wp-content/uploads/2019/08/Paul_Hollywood_395_2900x2900-1024x1024-100x100.png
Mary Berry’s Christmas Pavlova,Paul Hollywood,15-Dec,Needs skill,45 mins,18 mins,"[<p>6 large egg whites</p>, <p>350g caster sugar</p>, <p>1 tsp white wine vinegar</p>, <p>1 tsp cornflour</p>, <p>600ml double cream</p>, <p>1 tsp vanilla bean paste</p>, <p>50g icing sugar, sifted</p>, <p>200g strawberries, hulled and quartered</p>, <p>300g raspberries</p>, <p>200g blueberries</p>, <p>50g pomegranate seeds</p>, <p>few mint leaves, to decorate (optional)</p>, <p>icing sugar, for dusting</p>]",https://thegreatbritishbakeoff.co.uk/wp-content/uploads/2019/12/Recipe_Card_C_1024_1-1024x450.png,https://thegreatbritishbakeoff.co.uk/wp-content/uploads/2019/08/Paul_Hollywood_395_2900x2900-1024x1024-100x100.png
Strawberry Shortcake Stacks,Paul Hollywood,15-Dec,Needs skill,45 mins,18 mins,"[<p>150g chilled butter</p>, <p>450g plain flour</p>, <p>110g caster sugar</p>, <p>3 tsp baking powder</p>, <p>3 tsp baking soda</p>, <p>pinch of salt</p>, <p>260ml whole milk</p>, <p>600g strawberries</p>, <p>300ml double cream</p>, <p>30g icing sugar</p>, <p>dash of vanilla essence</p>, <p>icing sugar, to dust</p>]",https://thegreatbritishbakeoff.co.uk/wp-content/uploads/2019/12/Recipe_Card_C_1024_1-1024x450.png,https://thegreatbritishbakeoff.co.uk/wp-content/uploads/2019/08/Paul_Hollywood_395_2900x2900-1024x1024-100x100.png
Gingerbread Cake Haunted Houses,Paul Hollywood,12,Needs skill,45 mins,18 mins,"[<p>175g plain flour</p>, <p>1 tsp bicarbonate of soda</p>, <p>1 tsp ground cinnamon</p>, <p>1 tsp ground mixed spice</p>, <p>1 tbsp ground ginger</p>, <p>good pinch of salt</p>, <p>100g unsalted butter</p>, <p>2 tbsp golden syrup</p>, <p>2 tbsp black treacle</p>, <p>100g light or dark brown muscovado sugar</p>, <p>100ml milk (whole or semi-skimmed)</p>, <p>1 large egg, beaten to mix</p>, <p>250g black ready-to-roll fondant icing</p>, <p>200g fondant icing sugar</p>, <p>2 tbsp cold water</p>, <p>liquorice sweets, such as All-sorts</p>]",https://thegreatbritishbakeoff.co.uk/wp-content/uploads/2019/12/Recipe_Card_B_1024_1-1024x450.png,https://thegreatbritishbakeoff.co.uk/wp-content/uploads/2019/08/Paul_Hollywood_395_2900x2900-1024x1024-100x100.png
Chocolate Stars,Paul Hollywood,20,Needs skill,45 mins,18 mins,"[<p>225g unsalted butter, softened</p>, <p>100g caster sugar</p>, <p>225g plain flour</p>, <p>65g cocoa powder</p>, <p>¼ tsp fine sea salt</p>, <p>75g blanched hazelnuts</p>, <p>1 tbsp caster sugar</p>, <p>75g dark chocolate (about 70% cocoa solids)</p>, <p>75ml double cream</p>, <p>25g unsalted butter</p>, <p>pinch of salt</p>, <p>50g dark chocolate (about 70% cocoa solids)</p>, <p>icing sugar, for dusting</p>]",https://thegreatbritishbakeoff.co.uk/wp-content/uploads/2019/12/Recipe_Card_C_1024_1-1024x450.png,https://thegreatbritishbakeoff.co.uk/wp-content/uploads/2019/08/Paul_Hollywood_395_2900x2900-1024x1024-100x100.png
Mary Berry’s Hot Chocolate Souffle,Paul Hollywood,8,Needs skill,45 mins,18 mins,"[<p>butter, for greasing</p>, <p>180g plain chocolate (minimum 36% cocoa solids)</p>, <p>300ml milk</p>, <p>25g cocoa powder</p>, <p>4 large free-range egg yolks</p>, <p>60g caster sugar, plus extra for dusting</p>, <p>40g plain flour</p>, <p>6 large free-range egg whites</p>, <p>40g caster sugar</p>]",https://thegreatbritishbakeoff.co.uk/wp-content/uploads/2019/12/Recipe_Card_B_1024_1-1024x450.png,https://thegreatbritishbakeoff.co.uk/wp-content/uploads/2019/08/Paul_Hollywood_395_2900x2900-1024x1024-100x100.png
Mary Berry’s Mokatines,Paul Hollywood,9,Needs skill,45 mins,18 mins,"[<p>40g butter</p>, <p>3 large eggs</p>, <p>75g caster sugar</p>, <p>75g plain flour</p>, <p>50g butter</p>, <p>1 tbsp instant coffee</p>, <p>225g icing sugar, sifted</p>, <p>40g caster sugar</p>, <p>2 tbsp water</p>, <p>1 large egg yolk</p>, <p>75g softened butter</p>, <p>2 tsp coffee essence</p>, <p>100g white ready-to-roll fondant icing</p>, <p>4 tbsp water</p>, <p>dark brown food colouring paste</p>, <p>4 tbsp apricot jam</p>, <p>100g almond nibs, toasted</p>]",https://thegreatbritishbakeoff.co.uk/wp-content/uploads/2019/12/Recipe_Card_B_1024_1-1024x450.png,https://thegreatbritishbakeoff.co.uk/wp-content/uploads/2019/08/Paul_Hollywood_395_2900x2900-1024x1024-100x100.png
Paul Hollywood’s Raised Game Pie,Paul Hollywood,12,Needs skill,45 mins,18 mins,"[<p>700g boneless mixed game meat, diced</p>, <p>200g rindless back bacon, diced</p>, <p>200g minced pork belly (unsmoked)</p>, <p>2 banana shallots, finely chopped</p>, <p>2 garlic cloves, crushed</p>, <p>2 tbsp Madeira</p>, <p>½ tsp ground mace</p>, <p>½ tsp ground allspice</p>, <p>2 tbsp chopped fresh parsley</p>, <p>2 tbsp chopped fresh thyme</p>, <p>salt and pepper, to taste</p>, <p>450g plain flour</p>, <p>100g strong white bread flour</p>, <p>75g chilled unsalted butter, cut into 1cm cubes</p>, <p>200ml water</p>, <p>½ tsp salt</p>, <p>100g lard</p>, <p>1 egg yolk, beaten</p>]",https://thegreatbritishbakeoff.co.uk/wp-content/uploads/2019/12/Recipe_Card_C_1024_1-1024x450.png,https://thegreatbritishbakeoff.co.uk/wp-content/uploads/2019/08/Paul_Hollywood_395_2900x2900-1024x1024-100x100.png
Mary Berry’s Tennis Cake,Paul Hollywood,1 large cake,Needs skill,45 mins,18 mins,"[<p>350g red or natural glacé cherries</p>, <p>225g can of pineapple in natural juice</p>, <p>350g ready-to-eat dried apricots</p>, <p>100g blanched almonds</p>, <p>finely grated zest of 2 lemons</p>, <p>350g sultanas</p>, <p>250g unsalted butter, softened</p>, <p>250g caster sugar</p>, <p>5 large eggs, lightly beaten</p>, <p>250g self-raising flour</p>, <p>250g ground almonds,</p>, <p>150g caster sugar</p>, <p>150g icing sugar, sifted, plus extra for rolling</p>, <p>1 egg</p>, <p>1 tsp almond essence</p>, <p>3 egg whites</p>, <p>675g icing sugar, sifted</p>, <p>dusky pink food colouring paste</p>, <p>autumn leaf food colouring paste</p>, <p>No.2 writing nozzle</p>, <p>No.3 writing nozzle</p>, <p>No.7 small star nozzle</p>, <p>No.8 medium star nozzle</p>, <p>4 leaves gelatin</p>, <p>2 tbsp water</p>, <p>60ml liquid glucose</p>, <p>1½ tsp glycerine</p>, <p>500g icing sugar</p>, <p>mint green food colouring paste</p>]",https://thegreatbritishbakeoff.co.uk/wp-content/uploads/2019/12/Recipe_Card_B_1024_1-1024x450.png,https://thegreatbritishbakeoff.co.uk/wp-content/uploads/2019/08/Paul_Hollywood_395_2900x2900-1024x1024-100x100.png
Paul Hollywood’s Flaounas,Paul Hollywood,12,Needs skill,45 mins,18 mins,"[<p>500g pecorino romano</p>, <p>250g haloumi</p>, <p>90g fine semolina</p>, <p>75g plain flour</p>, <p>7g instant yeast</p>, <p>2 tsp dried mint</p>, <p>100g sultanas</p>, <p>4 large eggs</p>, <p>4 tbsp milk</p>, <p>1 tsp baking powder</p>, <p>750g strong plain flour</p>, <p>1 tsp mastic powder</p>, <p>2 tsp ground mahlepi</p>, <p>7g instant yeast</p>, <p>1 tsp caster sugar</p>, <p>60g unsalted butter, softened</p>, <p>1 tsp salt</p>, <p>450ml whole milk</p>, <p>200g sesame seeds</p>, <p>dash of white wine vinegar</p>, <p>3 egg yolks, lightly beaten</p>]",https://thegreatbritishbakeoff.co.uk/wp-content/uploads/2019/12/Recipe_Card_A_1024_1-1024x450.png,https://thegreatbritishbakeoff.co.uk/wp-content/uploads/2019/08/Paul_Hollywood_395_2900x2900-1024x1024-100x100.png
"Nectarine, Almond & Cream Tarts",Paul Hollywood,4,"30 mins, plus chilling",25–30 mins,18 mins,"[<p>1 tbsp plus 2 tsp custard powder</p>, <p>2 tsp golden caster sugar</p>, <p>175ml milk (preferably full-fat)</p>, <p>4 tbsp ground almonds</p>, <p>½ tsp almond extract</p>, <p>4 tbsp full-fat crème fraiche, plus extra for serving</p>, <p>3 nectarines</p>, <p>demerara sugar, for sprinkling</p>, <p>4 cherries, to decorate (optional)</p>, <p>225g bought puff pastry block (preferably not all-butter puff)</p>]",https://thegreatbritishbakeoff.co.uk/wp-content/uploads/2019/12/Recipe_Card_C_1024_1-1024x450.png,https://thegreatbritishbakeoff.co.uk/wp-content/uploads/2019/08/Paul_Hollywood_395_2900x2900-1024x1024-100x100.png
Paul Hollywood’s Gluten-free Pitta Bread,Paul Hollywood,12,"30 mins, plus chilling",25–30 mins,18 mins,"[<p>30g psyllium powder</p>, <p>600ml water</p>, <p>750g Doves Farm gluten-free strong bread flour blend</p>, <p>3 tbsp nigella seeds</p>, <p>15g sugar</p>, <p>1 tbsp salt</p>, <p>21g instant yeast</p>, <p>3 large eggs</p>, <p>1 tbsp white wine vinegar</p>, <p>90ml tbsp olive oil</p>]",https://thegreatbritishbakeoff.co.uk/wp-content/uploads/2019/12/Recipe_Card_C_1024_1-1024x450.png,https://thegreatbritishbakeoff.co.uk/wp-content/uploads/2019/08/Paul_Hollywood_395_2900x2900-1024x1024-100x100.png
Mary Berry’s Spanische Windtorte,Paul Hollywood,12,"30 mins, plus chilling",25–30 mins,18 mins,"[<p>8 large egg whites</p>, <p>½ tsp cream of tartar</p>, <p>475g caster sugar</p>, <p>25g lavender ready-to-roll icing</p>, <p>25g purple ready-to-roll icing</p>, <p>10g yellow ready-to-roll icing</p>, <p>4 large egg whites</p>, <p>250g caster sugar</p>, <p>600ml double cream</p>, <p>50g icing sugar</p>, <p>400g strawberries, roughly chopped</p>, <p>200g raspberries</p>]",https://thegreatbritishbakeoff.co.uk/wp-content/uploads/2019/12/Recipe_Card_C_1024_1-1024x450.png,https://thegreatbritishbakeoff.co.uk/wp-content/uploads/2019/08/Paul_Hollywood_395_2900x2900-1024x1024-100x100.png
Mary Berry’s Cappuccino Crème Brûlées,Paul Hollywood,6,"30 mins, plus chilling",25–30 mins,18 mins,"[<p>4 large egg yolks, at room temperature</p>, <p>45g caster sugar</p>, <p>½ tsp vanilla extract</p>, <p>300ml single cream</p>, <p>300ml double cream</p>, <p>2½ tsp instant coffee granules</p>, <p>100g caster sugar</p>]",https://thegreatbritishbakeoff.co.uk/wp-content/uploads/2019/12/Recipe_Card_C_1024_1-1024x450.png,https://thegreatbritishbakeoff.co.uk/wp-content/uploads/2019/08/Paul_Hollywood_395_2900x2900-1024x1024-100x100.png
Paul Hollywood’s Baguettes,Paul Hollywood,4,"30 mins, plus chilling",25–30 mins,18 mins,"[<p>olive oil for greasing</p>, <p>500g strong white bread flour, plus extra for dusting</p>, <p>10g salt</p>, <p>10g instant yeast</p>, <p>370ml cool water</p>]",https://thegreatbritishbakeoff.co.uk/wp-content/uploads/2019/12/Recipe_Card_C_1024_1-1024x450.png,https://thegreatbritishbakeoff.co.uk/wp-content/uploads/2019/08/Paul_Hollywood_395_2900x2900-1024x1024-100x100.png
Paul Hollywood’s Arlettes,Paul Hollywood,8 biscuits,"30 mins, plus chilling",25–30 mins,18 mins,"[<p>60g strong white bread flour, plus extra for dusting</p>, <p>60g plain flour</p>, <p>1 tsp salt</p>, <p>40g unsalted butter, melted</p>, <p>50ml cold water</p>, <p>125g unsalted butter, at room temperature</p>, <p>25g strong white bread flour</p>, <p>25g plain flour</p>, <p>50g granulated sugar</p>, <p>2 tsp ground cinnamon</p>, <p>icing sugar, for dusting</p>]",https://thegreatbritishbakeoff.co.uk/wp-content/uploads/2019/12/Recipe_Card_C_1024_1-1024x450.png,https://thegreatbritishbakeoff.co.uk/wp-content/uploads/2019/08/Paul_Hollywood_395_2900x2900-1024x1024-100x100.png
Mary Berry’s Frosted Walnut Layer Cake,Paul Hollywood,10-Aug,"30 mins, plus chilling",25–30 mins,18 mins,"[<p>225g self-raising flour</p>, <p>1 tsp baking powder</p>, <p>100g walnuts, finely chopped</p>, <p>225g butter, softened, plus extra for greasing</p>, <p>225g caster sugar</p>, <p>4 large eggs, beaten</p>, <p>2 tbsp water</p>, <p>100g caster sugar</p>, <p>10 walnut halves</p>, <p>125g butter, softened</p>, <p>½ tsp vanilla extract</p>, <p>2 tbsp milk</p>, <p>250g icing sugar</p>, <p>2 large egg whites</p>, <p>350g caster sugar</p>, <p>4 tbsp water</p>, <p>¼ tsp cream of tartar</p>]",https://thegreatbritishbakeoff.co.uk/wp-content/uploads/2019/12/Recipe_Card_B_1024_1-1024x450.png,https://thegreatbritishbakeoff.co.uk/wp-content/uploads/2019/08/Paul_Hollywood_395_2900x2900-1024x1024-100x100.png
Paul Hollywood’s Stollen,Paul Hollywood,10–12,"30 mins, plus chilling",25–30 mins,18 mins,"[<p>500g strong white flour</p>, <p>100g caster sugar</p>, <p>10g fast action yeast</p>, <p>10g salt</p>, <p>150g unsalted butter, softened</p>, <p>250ml whole milk</p>, <p>pinch ground nutmeg</p>, <p>pinch ground cloves</p>, <p>½ tsp vanilla extract</p>, <p>2 drops almond extract</p>, <p>55g blanched almonds, finely chopped</p>, <p>200g raisins</p>, <p>100g currants</p>, <p>125g mixed peel</p>, <p>25g butter, melted</p>, <p>225g marzipan</p>, <p>25g butter, melted</p>, <p>2 tbsp icing sugar</p>]",https://thegreatbritishbakeoff.co.uk/wp-content/uploads/2019/12/Recipe_Card_C_1024_1-1024x450.png,https://thegreatbritishbakeoff.co.uk/wp-content/uploads/2019/08/Paul_Hollywood_395_2900x2900-1024x1024-100x100.png
Paul Hollywood’s Pretzels,Paul Hollywood,6 savoury and 6 sweet,"30 mins, plus chilling",25–30 mins,18 mins,"[<p>500g strong white bread flour</p>, <p>10g salt</p>, <p>7g sachet fast-action dried yeast</p>, <p>40g unsalted butter, softened</p>, <p>1 tablespoon malt extract</p>, <p>280ml milk, at room temperature</p>, <p>finely grated zest of 2 oranges</p>, <p>50g poppy seeds</p>, <p>7 litres water</p>, <p>21g bicarbonate of soda</p>, <p>20g rock salt</p>, <p>50g sesame seeds</p>, <p>finely shredded zest of 1 orange</p>, <p>juice of 3 oranges</p>, <p>125g caster sugar</p>]",https://thegreatbritishbakeoff.co.uk/wp-content/uploads/2019/12/Recipe_Card_C_1024_1-1024x450.png,https://thegreatbritishbakeoff.co.uk/wp-content/uploads/2019/08/Paul_Hollywood_395_2900x2900-1024x1024-100x100.png
Mary Berry’s Hazelnut Dacquoise,Paul Hollywood,12,"30 mins, plus chilling",25–30 mins,18 mins,"[<p>250g blanched (skinned) whole hazelnuts</p>, <p>300g caster sugar</p>, <p>25g cornflour</p>, <p>6 large egg whites, at room temperature</p>, <p>pinch of salt</p>, <p>150g dark chocolate (about 36% cocoa solids)</p>, <p>110ml double cream</p>, <p>600ml full-fat milk</p>, <p>3 large egg yolks, at room temperature</p>, <p>125g caster sugar</p>, <p>2 tbsp chicory and coffee essence</p>, <p>50g cornflour</p>, <p>300ml whipping cream, chilled</p>, <p>50g caster sugar</p>, <p>36 blanched (skinned) whole hazelnuts</p>, <p>½ tsp lemon juice</p>, <p>100g toasted hazelnuts, chopped, to finish</p>]",https://thegreatbritishbakeoff.co.uk/wp-content/uploads/2019/12/Recipe_Card_C_1024_1-1024x450.png,https://thegreatbritishbakeoff.co.uk/wp-content/uploads/2019/08/Paul_Hollywood_395_2900x2900-1024x1024-100x100.png
Mary Berry’s Religieuses,Paul Hollywood,8,"30 mins, plus chilling",25–30 mins,18 mins,"[<p>60g unsalted butter, cubed</p>, <p>150ml water</p>, <p>75g plain flour</p>, <p>2 medium eggs, at room temperature, lightly beaten</p>, <p>500ml full-fat milk</p>, <p>1 vanilla pod, split lengthways</p>, <p>6 medium egg yolks, at room temperature</p>, <p>75g caster sugar</p>, <p>20g cornflower</p>, <p>25g plain flour</p>, <p>150ml double cream</p>, <p>200g dark chocolate (about 36% cocoa solids), broken into pieces</p>, <p>150ml double cream, well chilled</p>]",https://thegreatbritishbakeoff.co.uk/wp-content/uploads/2019/12/Recipe_Card_B_1024_1-1024x450.png,https://thegreatbritishbakeoff.co.uk/wp-content/uploads/2019/08/Paul_Hollywood_395_2900x2900-1024x1024-100x100.png
Paul Hollywood’s Apricot Couronne,Paul Hollywood,1 large loaf,"30 mins, plus chilling",25–30 mins,18 mins,"[<p>250g strong white bread flour</p>, <p>5g salt</p>, <p>7g sachet fast-action dried yeast</p>, <p>50g unsalted butter, softened</p>, <p>105ml full-fat milk, at room temperature</p>, <p>1 medium egg, at room temperature</p>, <p>90g unsalted butter, softened</p>, <p>70g light brown muscovado sugar</p>, <p>120g ready-to-eat dried apricots, chopped and soaked in 100ml orange juice</p>, <p>35g plain flour</p>, <p>60g raisins</p>, <p>65g walnut pieces</p>, <p>finely grated zest of 1 orange</p>, <p>50g apricot jam</p>, <p>100g icing sugar, sifted</p>, <p>25g flaked almonds</p>]",https://thegreatbritishbakeoff.co.uk/wp-content/uploads/2019/12/Recipe_Card_A_1024_1-1024x450.png,https://thegreatbritishbakeoff.co.uk/wp-content/uploads/2019/08/Paul_Hollywood_395_2900x2900-1024x1024-100x100.png
Mary Berry’s Tuiles with Chocolate Mousse,Paul Hollywood,8,"30 mins, plus chilling",25–30 mins,18 mins,"[<p>200g unsalted butter, softened</p>, <p>180g icing sugar, sifted</p>, <p>1 tsp vanilla extract</p>, <p>6 large egg whites, at room temperature, lightly beaten</p>, <p>200g plain flour</p>, <p>3 tsp cocoa powder</p>, <p>50g dark chocolate (your favourite), broken into even pieces</p>, <p>300ml double cream</p>, <p>200g dark chocolate (about 36% cocoa solids), broken into even pieces</p>, <p>1 large egg white, at room temperature</p>, <p>50g caster sugar</p>, <p>raspberries, to share</p>]",https://thegreatbritishbakeoff.co.uk/wp-content/uploads/2019/12/Recipe_Card_B_1024_1-1024x450.png,https://thegreatbritishbakeoff.co.uk/wp-content/uploads/2019/08/Paul_Hollywood_395_2900x2900-1024x1024-100x100.png
Mary Berry’s Charlotte Royale,Paul Hollywood,12-Oct,"30 mins, plus chilling",25–30 mins,18 mins,"[<p>400g strawberries, hulled and chopped</p>, <p>500g jam sugar (sugar with added pectin)</p>, <p>small knob of butter</p>, <p>6  large eggs, at room temperature</p>, <p>150g caster sugar, plus extra for sprinkling</p>, <p>150g self-raising flour</p>, <p>9 gelatine leaves</p>, <p>550g raspberries</p>, <p>2 tbsp framboise (raspberry liqueur)</p>, <p>600ml full-fat milk</p>, <p>8 egg yolks, at room temperature</p>, <p>100g caster sugar</p>, <p>300ml double cream, chilled</p>, <p>100g small strawberries, hulled</p>, <p>75g caster sugar</p>, <p>125ml water</p>, <p>1 tbsp arrowroot</p>, <p>150ml double cream, chilled</p>, <p>25g icing sugar, sifted</p>, <p>10 medium strawberries</p>]",https://thegreatbritishbakeoff.co.uk/wp-content/uploads/2019/12/Recipe_Card_B_1024_1-1024x450.png,https://thegreatbritishbakeoff.co.uk/wp-content/uploads/2019/08/Paul_Hollywood_395_2900x2900-1024x1024-100x100.png
