,title,judge,makes,difficulty,hands_on_time,baking_time,ingredients,recipe_image,judge_image,calories,cholesterol,fat,protein,sugar
0,Rav Gill’s Macaron Snack-Cessories,Ravneet Gill,8,Needs skill,50 mins,30 mins,"[<h5>For the macarons:</h5>, <p>150g ground almonds</p>, <p>150g icing sugar </p>, <p>110g egg whites</p>, <p>Fuchsia pink food-colouring gel</p>, <p>150g caster sugar</p>]",https://thegreatbritishbakeoff.co.uk/wp-content/uploads/2021/01/IMG_0382-1024x450.jpg,https://thegreatbritishbakeoff.co.uk/wp-content/uploads/2021/01/Ravneet_Gill_2021_1024-100x100.png,972.9,138.0,15.930000000000001,52.67,151.11
1,Liam Charles’s Biscuit Card Tower & Deck of Cards,Liam Charles,12,Needs skill,45 mins,15 mins,"[<h5>For the gingerbread:</h5>, <p>225g plain flour</p>, <p>1 tsp bicarbonate of soda</p>, <p>2 tsp ground ginger</p>, <p>½ tsp ground cinnamon</p>, <p>75g unsalted butter </p>, <p>100g dark muscovado sugar </p>, <p>75g golden syrup </p>]",https://thegreatbritishbakeoff.co.uk/wp-content/uploads/2021/01/Biscuit-cards-1024x450.jpg,https://thegreatbritishbakeoff.co.uk/wp-content/uploads/2020/08/Liam_Charles_2019_1024-100x100.png,4734.75,193.5,76.65,22.080000000000002,120.09
2,Rav Gill’s Cherry & Almond Deco Roll,Ravneet Gill,6,Needs skill,50 mins,10 mins,"[<h5>For the filling:</h5>, <p>2 tsp powdered gelatine </p>, <p>225ml double cream</p>, <p>100g sieved black cherry jam (sieved weight)</p>, <p>½ tsp cherry-blossom extract or cherry extract</p>]",https://thegreatbritishbakeoff.co.uk/wp-content/uploads/2021/01/Blossom-1024x450.jpg,https://thegreatbritishbakeoff.co.uk/wp-content/uploads/2021/01/Ravneet_Gill_2021_1024-100x100.png,690.5,112.5,36.809999999999995,39.74,14.16
3,Liam Charles’s Yorkshire Pudding Wraps,Liam Charles,2,Needs skill,25 mins,30 mins,"[<h5>For the batter:</h5>, <p>100g plain flour</p>, <p>2 large eggs</p>, <p>200ml whole milk </p>, <p>½ tsp salt</p>, <p>1½ tbsp chopped flat-leaf parsley </p>, <p>1 tbsp vegetable oil</p>]",https://thegreatbritishbakeoff.co.uk/wp-content/uploads/2021/01/Wraps-1024x450.jpg,https://thegreatbritishbakeoff.co.uk/wp-content/uploads/2020/08/Liam_Charles_2019_1024-100x100.png,1718.0,30.0,10.16,15.76,11.370000000000001
4,Rav Gill’s Churros with Banana Butterscotch,Ravneet Gill,6,Needs skill,30 mins,25 mins,"[<h5>For the churros:</h5>, <p>20g caster sugar</p>, <p>75g unsalted butter, cubed </p>, <p>¼ tsp salt</p>, <p>95g plain flour</p>, <p>2 eggs</p>, <p>½ tsp vanilla extract </p>]",https://thegreatbritishbakeoff.co.uk/wp-content/uploads/2021/01/Churros-1024x450.jpg,https://thegreatbritishbakeoff.co.uk/wp-content/uploads/2021/01/Ravneet_Gill_2021_1024-100x100.png,1591.1,0.0,3.39,8.64,21.94
5,Liam Charles’s Mega-Choccy Stack,Liam Charles,4,Needs skill,40 mins,14 mins,"[<h5>For the chocolate brownie:</h5>, <p>120ml olive oil</p>, <p>1 tsp vanilla paste</p>, <p>150g caster sugar</p>, <p>90g light brown soft sugar</p>, <p>3 eggs, lightly beaten</p>, <p>40g cocoa powder</p>, <p>1 tsp instant coffee powder </p>, <p>75g plain flour</p>]",https://thegreatbritishbakeoff.co.uk/wp-content/uploads/2021/01/Chco-stacks-1024x450.jpg,https://thegreatbritishbakeoff.co.uk/wp-content/uploads/2020/08/Liam_Charles_2019_1024-100x100.png,3274.3,0.0,126.42,13.61,237.81
6,Rav Gill’s Tiger Pretzels,Ravneet Gill,4,Needs skill,45 mins,15 mins,"[<h5>For the dough:</h5>, <p>180ml warm water </p>, <p>4g active dried yeast </p>, <p>10g unsalted butter, melted </p>, <p>2 tsp caster sugar </p>, <p>240g plain flour, plus extra for dusting</p>, <p>½ tsp fine salt</p>, <p>Black, orange and yellow food-colouring gels</p>, <p>Sea salt, for sprinkling</p>, <p>Sesame seeds, for sprinkling </p>]",https://thegreatbritishbakeoff.co.uk/wp-content/uploads/2021/01/Tiger-pretzels-1024x450.jpg,https://thegreatbritishbakeoff.co.uk/wp-content/uploads/2021/01/Ravneet_Gill_2021_1024-100x100.png,54.44,0.0,0.3,1.62,0.0
7,Liam Charles’s Chocolate Marshmallow Biscuits,Liam Charles,4,Needs skill,45 mins,12 mins,"[<h5>For the biscuits:</h5>, <p>50g plain flour, plus extra for dusting</p>, <p>½ tsp baking powder</p>, <p>¼ tsp fine salt</p>, <p>25g cocoa powder</p>, <p>25g wholemeal flour</p>, <p>25g caster sugar </p>, <p>25g unsalted butter, cubed and chilled</p>, <p>1 large egg yolk</p>, <p>2 tbsp whole milk</p>]",https://thegreatbritishbakeoff.co.uk/wp-content/uploads/2021/01/Marshmallow-1024x450.jpg,https://thegreatbritishbakeoff.co.uk/wp-content/uploads/2020/08/Liam_Charles_2019_1024-100x100.png,532.0,0.0,2.19,4.24,24.8
8,Rav Gill’s Chess Cake,Ravneet Gill,8,Needs skill,40 mins,20 mins,"[<h5>For the sponges:</h5>, <p>225g unsalted butter</p>, <p>225g caster sugar</p>, <p>225g self-raising flour</p>, <p>2 tsp baking powder</p>, <p>4 large eggs</p>, <p>1 tsp vanilla extract</p>, <p>2 tsp rose water </p>, <p>Pink food-colouring gel</p>, <p>2 tsp pistachio paste</p>, <p>Green food-colouring gel </p>]",https://thegreatbritishbakeoff.co.uk/wp-content/uploads/2021/01/Chess-cake-1024x450.jpg,https://thegreatbritishbakeoff.co.uk/wp-content/uploads/2021/01/Ravneet_Gill_2021_1024-100x100.png,5802.75,481.5,179.66,22.25,223.74
9,Liam Charles’s Caribbean Patties,Liam Charles,2,Needs skill,30 mins,30 mins,"[<h5>For the pastry:</h5>, <p>200g plain flour, plus extra for dusting</p>, <p>1 tsp ground turmeric</p>, <p>Pinch of fine salt</p>, <p>125g unsalted butter, frozen</p>, <p>1 egg, beaten, to glaze</p>]",https://thegreatbritishbakeoff.co.uk/wp-content/uploads/2021/01/Patties-1024x450.jpg,https://thegreatbritishbakeoff.co.uk/wp-content/uploads/2020/08/Liam_Charles_2019_1024-100x100.png,0.0,0.0,0.0,0.0,0.0
10,Rav Gill’s Soufflé Pancakes,Ravneet Gill,4,Needs skill,40 mins,30 mins,"[<h5>For the compote:</h5>, <p>200g mixed frozen berries</p>, <p>2 tbsp caster sugar </p>, <p>1 tbsp lemon juice </p>]",https://thegreatbritishbakeoff.co.uk/wp-content/uploads/2021/01/Souffle-pancakes-1024x450.jpg,https://thegreatbritishbakeoff.co.uk/wp-content/uploads/2021/01/Ravneet_Gill_2021_1024-100x100.png,574.0,0.0,0.02,0.16,49.06
11,Liam Charles’s Pizza Star Bread,Liam Charles,8,Needs skill,30 mins,35 mins,"[<h5>For the pesto:</h5>, <p>50g basil leaves</p>, <p>30g parmesan, finely grated </p>, <p>30g pine nuts</p>, <p>1 tbsp lemon juice</p>, <p>2 tbsp olive oil</p>, <p>½ tsp salt</p>]",https://thegreatbritishbakeoff.co.uk/wp-content/uploads/2021/01/Pizza-bread-1024x450.jpg,https://thegreatbritishbakeoff.co.uk/wp-content/uploads/2020/08/Liam_Charles_2019_1024-100x100.png,335.9,0.0,21.21,8.81,1.08
12,Rav Gill’s Cookie Cups & Roasted Hazelnut Milk,Ravneet Gill,4,Needs skill,40 mins,20 mins,"[<h5>For the cookie cups:</h5>, <p>100g unsalted butter, softened</p>, <p>40g caster sugar </p>, <p>50g light brown soft sugar </p>, <p>1 egg yolk </p>, <p>½ tsp vanilla extract</p>, <p>140g plain flour </p>, <p>½ tsp fine salt </p>, <p>60g small milk chocolate chips </p>, <p>150g 54% dark chocolate, broken into pieces</p>]",https://thegreatbritishbakeoff.co.uk/wp-content/uploads/2021/01/Cookie-cups-1024x450.jpg,https://thegreatbritishbakeoff.co.uk/wp-content/uploads/2021/01/Ravneet_Gill_2021_1024-100x100.png,3745.2,3.0,19.96,16.28,91.28999999999999
13,Liam Charles’s Strawberry & Custard Jaffa Cakes,Liam Charles,6,Needs skill,48 mins,12 mins,"[<h5>For the jelly:</h5>, <p>1 x 135g pack of strawberry jelly</p>, <p>150ml boiling water</p>]",https://thegreatbritishbakeoff.co.uk/wp-content/uploads/2021/01/IMG_8059-1024x450.jpg,https://thegreatbritishbakeoff.co.uk/wp-content/uploads/2020/08/Liam_Charles_2019_1024-100x100.png,127.5,0.0,0.36,3.12,0.0
14,Paul Hollywood’s Steamed Bao Buns with Crispy Duck,Paul Hollywood,6,Easy,"30 mins, plus proving",10 mins,"[<h5>For the bao buns:</h5>, <p>130g plain flour, plus extra for dusting</p>, <p>1 tsp caster sugar </p>, <p>¼ tsp fast-action dried yeast</p>, <p>1 tbsp whole milk</p>, <p>1 tsp oil, plus extra for greasing</p>, <p>1 tsp rice vinegar</p>, <p>¼ tsp baking powder</p>]",https://thegreatbritishbakeoff.co.uk/wp-content/uploads/2020/12/201106_059A_BaoBuns-1024x450.jpg,https://thegreatbritishbakeoff.co.uk/wp-content/uploads/2019/08/Paul_Hollywood_395_2900x2900-1024x1024-100x100.png,0.0,0.0,0.0,0.0,0.0
15,Prue Leith’s Last-minute Christmas Pudding,Prue Leith,8-10,Easy,20 mins,40 mins,"[<h5>For the fruit:</h5>, <p>150g raisins</p>, <p>150g sultanas</p>, <p>150g currants</p>, <p>100g dried cranberries </p>, <p>50g mixed peel </p>, <p>Juice and finely grated zest of 1 large unwaxed orange</p>, <p>100ml brandy</p>, <p>75g molasses</p>, <p>1 tsp bicarbonate of soda</p>]",https://thegreatbritishbakeoff.co.uk/wp-content/uploads/2020/12/201104_055B_ChristmasPudding-1024x450.jpg,https://thegreatbritishbakeoff.co.uk/wp-content/uploads/2019/08/Prue_Leith_441_2900x2900-1024x1024-100x100.png,2162.0,0.0,0.53,16.49,359.32
16,Prue Leith’s Coffee Walnut Whirls,Prue Leith,8,Challenging,"1 hr 40 mins, plus chilling",20 mins,"[<h5>For the walnut sable biscuit:</h5>, <p>60g walnuts</p>, <p>80g plain flour, plus extra for dusting </p>, <p>⅛ tsp baking powder</p>, <p>55g unsalted butter </p>, <p>40g icing sugar </p>, <p>1 egg yolk </p>]",https://thegreatbritishbakeoff.co.uk/wp-content/uploads/2020/11/201103_051B_WalnutWhips-1024x450.jpg,https://thegreatbritishbakeoff.co.uk/wp-content/uploads/2019/08/Prue_Leith_441_2900x2900-1024x1024-100x100.png,802.5,117.7,83.21000000000001,10.0,2.61
17,Paul Hollywood’s Danish Cornucopia,Paul Hollywood,10,Challenging,"2 hrs, plus chilling",12 mins,"[<h5>For the dough:</h5>, <p>250g ground almonds</p>, <p>250g icing sugar, sifted, plus extra for dusting</p>, <p>2 egg whites, lightly whisked</p>, <p>½ tsp almond extract </p>]",https://thegreatbritishbakeoff.co.uk/wp-content/uploads/2020/11/201103_049B_Cornucopia-1024x450.jpg,https://thegreatbritishbakeoff.co.uk/wp-content/uploads/2019/08/Paul_Hollywood_395_2900x2900-1024x1024-100x100.png,502.5,230.0,25.77,67.85,0.0
18,Prue Leith’s Sussex Pond Puddings,Prue Leith,2 - 4,Easy,30 mins,2 hrs,"[<h5>For the pastry:</h5>, <p>110g self-raising flour, plus extra for dusting </p>, <p>50g fresh white breadcrumbs</p>, <p>Finely grated zest of 1 small unwaxed lemon</p>, <p>75g vegetable suet </p>, <p>50ml whole milk</p>]",https://thegreatbritishbakeoff.co.uk/wp-content/uploads/2020/11/Sussex-Pond-1024x450.jpg,https://thegreatbritishbakeoff.co.uk/wp-content/uploads/2019/08/Prue_Leith_441_2900x2900-1024x1024-100x100.png,2818.75,58.5,72.26,8.24,2.64
19,Paul Hollywood’s Jam & Custard Doughnuts,Paul Hollywood,6,Needs skill,30 mins,20 mins,"[<h5>For the dough:</h5>, <p>125ml whole milk </p>, <p>1 large egg </p>, <p>250g strong white bread flour</p>, <p>35g unsalted butter, cubed and softened</p>, <p>5g fast-action dried yeast </p>, <p>5g fine salt </p>, <p>25g caster sugar, plus extra for coating</p>]",https://thegreatbritishbakeoff.co.uk/wp-content/uploads/2020/11/Custard_Doughnuts_1024_5-1024x450.png,https://thegreatbritishbakeoff.co.uk/wp-content/uploads/2019/08/Paul_Hollywood_395_2900x2900-1024x1024-100x100.png,3969.75,18.75,8.750000000000002,42.24,5.72
20,Prue Leith’s Matcha Mille Crêpe Cake,Prue Leith,10,Needs skill,1 hr 20 mins,40 mins,"[<h5>For the batter:</h5>, <p>400ml whole milk </p>, <p>45g caster sugar </p>, <p>3 large eggs</p>, <p>25g unsalted butter, melted </p>, <p>125g plain flour</p>, <p>15g cornflour</p>, <p>½ tsp baking powder</p>, <p>15g matcha powder, plus extra for dusting </p>, <p>Sunflower oil, for cooking</p>]",https://thegreatbritishbakeoff.co.uk/wp-content/uploads/2020/10/Mille-Crepe-1024x450.jpg,https://thegreatbritishbakeoff.co.uk/wp-content/uploads/2019/08/Prue_Leith_441_2900x2900-1024x1024-100x100.png,2424.8500000000004,60.0,17.84,25.390000000000004,66.54
21,Prue Leith’s Raspberry & Salted Caramel Éclairs,Prue Leith,6,Challenging,1 hr 30 mins,30 mins,"[<h5>For the choux pastry:</h5>, <p>45g strong white bread flour</p>, <p>45g plain flour</p>, <p>5g caster sugar</p>, <p>65ml whole milk</p>, <p>55g unsalted butter</p>, <p>¼ tsp salt</p>, <p>2 large eggs </p>]",https://thegreatbritishbakeoff.co.uk/wp-content/uploads/2020/10/Eclairs-1024x450.jpg,https://thegreatbritishbakeoff.co.uk/wp-content/uploads/2019/08/Prue_Leith_441_2900x2900-1024x1024-100x100.png,1853.5,127.45,47.7,12.68,8.93
22,Paul Hollywood’s Chocolate Babka,Paul Hollywood,1 loaf,Needs skill,30 mins,45 mins,"[<h5>For the filling:</h5>, <p>65g blanched hazelnuts</p>, <p>100g unsalted butter</p>, <p>150g caster sugar</p>, <p>80g 70% dark chocolate, chopped</p>, <p>40g cocoa powder</p>]",https://thegreatbritishbakeoff.co.uk/wp-content/uploads/2020/10/Chocolate_Babka_1024-1024x450.png,https://thegreatbritishbakeoff.co.uk/wp-content/uploads/2019/08/Paul_Hollywood_395_2900x2900-1024x1024-100x100.png,3099.5,214.0,122.11999999999999,15.57,151.10000000000002
23,Paul Hollywood’s Rainbow-Coloured Bagels,Paul Hollywood,6,Needs skill,1 hr,30 mins,"[<p>375g strong white bread flour </p>, <p>5g fast-action dried yeast</p>, <p>2 tsp caster sugar</p>, <p>1 tsp fine salt</p>, <p>240ml lukewarm water </p>, <p>Red, orange, yellow, green and blue food-colouring paste</p>, <p>1 tsp bicarbonate of soda </p>]",https://thegreatbritishbakeoff.co.uk/wp-content/uploads/2020/10/Rainbow-Bagels-1024x450.jpg,https://thegreatbritishbakeoff.co.uk/wp-content/uploads/2019/08/Paul_Hollywood_395_2900x2900-1024x1024-100x100.png,5716.25,0.0,6.57,55.64,0.0
24,Prue Leith’s Coconut Macaroons,Prue Leith,12,Easy,1 hr,30 mins,"[<h5>For the mango curd:</h5>, <p>75g mango purée</p>, <p>2 tsp caster sugar </p>, <p>1 egg</p>, <p>2 egg yolks</p>, <p>2 tsp lime juice </p>, <p>50g unsalted butter, cubed</p>]",https://thegreatbritishbakeoff.co.uk/wp-content/uploads/2020/09/Coconut-Macaroons.jpg,https://thegreatbritishbakeoff.co.uk/wp-content/uploads/2019/08/Prue_Leith_441_2900x2900-1024x1024-100x100.png,45.0,0.0,0.28,0.61,10.24
25,Paul Hollywood’s Pineapple Upside-down Cakes,Paul Hollywood,6,Easy,1 hr,25 mins,"[<h5>For the syrup:</h5>, <p>130g caster sugar<br/>
65ml just-boiled water<br/>
1 lemon wedge</p>, <br/>, <br/>]",https://thegreatbritishbakeoff.co.uk/wp-content/uploads/2020/09/Pineapple-Upside-Down-Cake-1-1024x450.jpg,https://thegreatbritishbakeoff.co.uk/wp-content/uploads/2019/08/Paul_Hollywood_395_2900x2900-1024x1024-100x100.png,0.0,0.0,0.0,0.0,0.0
26,Paul Hollywood’s Iced Buns,Paul Hollywood,6,Needs skill,"1 hr 10 mins, plus proving ",20 mins,"[<h5>For the dough:</h5>, <p>250g strong white bread flour</p>, <p>20g caster sugar</p>, <p>20g butter, softened</p>, <p>1 large egg, beaten</p>, <p>7g sachet instant yeast</p>, <p>½ tsp salt</p>, <p>80ml warm milk</p>, <p>50ml water</p>]",https://thegreatbritishbakeoff.co.uk/wp-content/uploads/2020/04/Iced_Buns_1024_2-1024x450.png,https://thegreatbritishbakeoff.co.uk/wp-content/uploads/2019/08/Paul_Hollywood_395_2900x2900-1024x1024-100x100.png,3968.55,9.6,7.27,41.199999999999996,29.520000000000003
27,Prue Leith’s Mini Yorkshire Puddings,Prue Leith,16,Easy,40 mins,20 mins,"[<h5>For the Yorkshire puddings:</h5>, <p>50g plain flour </p>, <p>¼ tsp salt </p>, <p>Ground black pepper</p>, <p>1 medium egg, beaten </p>, <p>50ml milk </p>, <p>60ml vegetable oil </p>]",https://thegreatbritishbakeoff.co.uk/wp-content/uploads/2020/03/191127_009_MiniYorkshires-1024x450.jpg,https://thegreatbritishbakeoff.co.uk/wp-content/uploads/2019/08/Prue_Leith_441_2900x2900-1024x1024-100x100.png,1342.2,7.5,63.42,6.22,3.39
28,Prue Leith’s Gluten-Free Battenberg,Prue Leith,1,Needs skill,1 hr,30 mins,"[<h5>For the sponge:</h5>, <p>175g unsalted butter, softened, plus extra for greasing</p>, <p>175g caster sugar</p>, <p>3 large eggs</p>, <p>175g gluten free self-raising flour, sifted</p>, <p>1 tsp almond extract </p>, <p>Orange food colouring paste </p>, <p>Black food colouring paste</p>]",https://thegreatbritishbakeoff.co.uk/wp-content/uploads/2020/09/Gluten_Free_Battenberg_1024-1024x450.png,https://thegreatbritishbakeoff.co.uk/wp-content/uploads/2019/08/Prue_Leith_441_2900x2900-1024x1024-100x100.png,672.0,0.0,0.54,0.0,173.63
29,Paul Hollywood’s Orange & Ginger Cannoli,Paul Hollywood,6,Needs skill,1 hr,30 mins,"[<h5>For the cannoli:</h5>, <p>120g plain flour, plus extra for dusting</p>, <p>¼ tsp fine salt </p>, <p>1 tbsp caster sugar</p>, <p>¼ tsp ground cinnamon</p>, <p>½ tsp cocoa powder</p>, <p>15g unsalted butter, cubed</p>, <p>1 egg yolk</p>, <p>1 egg white, beaten </p>, <p>3 tbsp Marsala </p>]",https://thegreatbritishbakeoff.co.uk/wp-content/uploads/2020/03/191126_004B_OrangeCannoli-1024x450.jpg,https://thegreatbritishbakeoff.co.uk/wp-content/uploads/2019/08/Paul_Hollywood_395_2900x2900-1024x1024-100x100.png,0.0,0.0,0.0,0.0,0.0
30,Paul Hollywood’s Raspberry Millefeuille,Paul Hollywood,4,Needs skill,1 hr 45 mins,30 mins,"[<h5>For the rough puff pastry:</h5>, <p>225g plain four, plus extra for rolling</p>, <p>¼ tsp salt </p>, <p>45g unsalted butter, chilled and cut into cubes</p>, <p>90g grated, frozen butter</p>]",https://thegreatbritishbakeoff.co.uk/wp-content/uploads/2020/03/191126_003B_RaspMilleFeuille-1024x450.jpg,https://thegreatbritishbakeoff.co.uk/wp-content/uploads/2019/08/Paul_Hollywood_395_2900x2900-1024x1024-100x100.png,0.0,0.0,0.0,0.0,0.0
31,Prue Leith’s Hot Smoked Salmon & Beetroot Blinis,Prue Leith,12,Easy,20 mins,15 mins,"[<h5>For the blinis:</h5>, <p>170g self-raising flour</p>, <p>pinch of salt</p>, <p>1 large egg, separated </p>, <p>1 tbsp olive oil </p>, <p>220ml whole milk</p>]",https://thegreatbritishbakeoff.co.uk/wp-content/uploads/2019/12/Beetroot_Salmon_Blinis_1024-1024x450.png,https://thegreatbritishbakeoff.co.uk/wp-content/uploads/2019/08/Prue_Leith_441_2900x2900-1024x1024-100x100.png,2654.1,33.0,8.98,24.14,10.45
32,Paul Hollywood’s Black Pudding & Caramelised Onion Sausage Wreath,Paul Hollywood,12,Needs skill,1 hr,40–50 mins,"[<h5>For the cheat’s rough puff:</h5>, <p>300g plain flour, plus extra for dusting </p>, <p>pinch of salt </p>, <p>50g unsalted butter, chilled and cut into cubes</p>, <p>120g unsalted butter, frozen</p>, <p>1 egg, beaten, to glaze</p>, <p>1 tbsp sesame seeds</p>, <p>1 tbsp black sesame seeds</p>]",https://thegreatbritishbakeoff.co.uk/wp-content/uploads/2019/12/Sausage_Wreath_1024_3-1024x450.png,https://thegreatbritishbakeoff.co.uk/wp-content/uploads/2019/08/Paul_Hollywood_395_2900x2900-1024x1024-100x100.png,0.0,0.0,0.0,0.0,0.0
33,Prue Leith’s Millefeuille,Prue Leith,4,Challenging,"2 hrs, plus resting time",25–30 mins,"[<h5>For the rough puff pastry:</h5>, <p>225g plain flour </p>, <p>a small pinch of salt </p>, <p>140g butter, cubed into dice-sized pieces </p>, <p>135ml very cold water </p>]",https://thegreatbritishbakeoff.co.uk/wp-content/uploads/2019/11/juniorbakeoff_technicals_millefeuille-1024x450.jpg,https://thegreatbritishbakeoff.co.uk/wp-content/uploads/2019/08/Prue_Leith_441_2900x2900-1024x1024-100x100.png,3886.2,0.0,10.11,23.810000000000002,13.850000000000001
34,Liam Charles’s Vertical Layer Cake,Liam Charles,Challenging,30 mins,12–15 mins,25–30 mins,"[<h5>For the sponge:</h5>, <p>4 medium eggs</p>, <p>1 medium yolk</p>, <p>125g caster sugar </p>, <p>2 tbsp warm water </p>, <p>1 tsp vanilla extract </p>, <p>125g plain flour </p>]",https://thegreatbritishbakeoff.co.uk/wp-content/uploads/2019/11/forweb_0000_RX13.jpg,https://thegreatbritishbakeoff.co.uk/wp-content/uploads/2020/08/Liam_Charles_2019_1024-100x100.png,2472.5,0.0,4.77,11.38,126.79
35,Prue Leith’s Malva Puddings,Prue Leith,4,Needs skill,40 mins,25–30 mins,"[<h5>For the puddings:</h5>, <p>70g plain flour</p>, <p>¾ tsp baking powder</p>, <p>¼ tsp baking soda </p>, <p>100g caster sugar</p>, <p>1 large egg</p>, <p>¼ tsp salt </p>, <p>40g apricot jam</p>, <p>1 tbsp butter, melted</p>, <p>¼ tsp apple cider vinegar </p>, <p>125ml whole milk</p>]",https://thegreatbritishbakeoff.co.uk/wp-content/uploads/2019/11/forweb_0002_RX12.jpg,https://thegreatbritishbakeoff.co.uk/wp-content/uploads/2019/08/Prue_Leith_441_2900x2900-1024x1024-100x100.png,1637.3,18.75,6.92,10.530000000000001,120.49
36,Liam Charles’s Salted Caramel Chocolate Tart,Liam Charles,Needs skill,1 hr,40 mins,25–30 mins,"[<h5>For the ganache:</h5>, <p>170g dark chocolate, broken into small pieces</p>, <p>170g milk chocolate, broken into small pieces</p>, <p>340ml double cream </p>]",https://thegreatbritishbakeoff.co.uk/wp-content/uploads/2019/11/forweb_0003_RX11.jpg,https://thegreatbritishbakeoff.co.uk/wp-content/uploads/2020/08/Liam_Charles_2019_1024-100x100.png,958.8,170.0,55.01,55.22,14.14
37,Liam Charles’s Chouxnuts,Liam Charles,4,Needs skill,30 mins ,25 mins,"[<h5>For the choux:</h5>, <p>40g butter, diced </p>, <p>105ml water </p>, <p>a small pinch of salt </p>, <p>50g plain flour, sifted </p>, <p>1 large egg and 1 egg yolk, beaten </p>]",https://thegreatbritishbakeoff.co.uk/wp-content/uploads/2019/11/forweb_0004_RX10.jpg,https://thegreatbritishbakeoff.co.uk/wp-content/uploads/2020/08/Liam_Charles_2019_1024-100x100.png,44.1,0.0,0.0,0.0,12.25
38,Prue Leith’s Harry Hill Pancakes,Prue Leith,4,Needs skill,1 hr,25 mins,"[<h5>For the pancake batter:</h5>, <p>250g plain flour</p>, <p>1 egg</p>, <p>1 tbsp caster sugar</p>, <p>300ml whole milk </p>, <p>1 tbsp vegetable oil</p>, <p>1 tsp baking powder</p>]",https://thegreatbritishbakeoff.co.uk/wp-content/uploads/2019/11/forweb_0006_RX9.jpg,https://thegreatbritishbakeoff.co.uk/wp-content/uploads/2019/08/Prue_Leith_441_2900x2900-1024x1024-100x100.png,4171.0,45.0,18.740000000000002,32.74,19.27
39,Liam Charles’s Breakfast Sarnie,Liam Charles,3,Easy,30 mins,20 mins,"[<h5>For the scones:</h5>, <p>360g plain flour </p>, <p>1 tsp baking powder </p>, <p>½ tsp salt </p>, <p>110g butter, cubed into 1inch dice </p>, <p>240ml buttermilk </p>, <p>60ml maple syrup</p>, <p>1 egg yolk, for brushing</p>, <p>extra flour for rolling</p>]",https://thegreatbritishbakeoff.co.uk/wp-content/uploads/2019/11/forweb_0008_RX8.jpg,https://thegreatbritishbakeoff.co.uk/wp-content/uploads/2020/08/Liam_Charles_2019_1024-100x100.png,6087.0,28.8,20.59,40.75,72.96000000000001
40,Prue Leith’s Iced Rings,Prue Leith,12,Needs skill,40 mins,10–12 mins,"[<h5>For the biscuits:</h5>, <p>75g unsalted butter, softened</p>, <p>125g plain flour, plus extra to dust</p>, <p>25g cornflour</p>, <p>60g caster sugar</p>, <p>½ tsp vanilla extract </p>, <p>1 egg yolk</p>]",https://thegreatbritishbakeoff.co.uk/wp-content/uploads/2019/11/forweb_0007_RX7.jpg,https://thegreatbritishbakeoff.co.uk/wp-content/uploads/2019/08/Prue_Leith_441_2900x2900-1024x1024-100x100.png,249.65,0.0,0.19,1.16,60.870000000000005
41,Liam Charles’s Peanut Butter & Chocolate Swirl Cake,Liam Charles,Easy,25 mins,25 mins,10–12 mins,"[<h5>For the cake:</h5>, <p>110g butter, softened</p>, <p>110g golden caster sugar </p>, <p>2 medium eggs, beaten </p>, <p>110g self-raising flour </p>, <p>¼ tsp baking powder</p>, <p>½ tsp vanilla extract</p>]",https://thegreatbritishbakeoff.co.uk/wp-content/uploads/2019/11/forweb_0008_RX6.jpg,https://thegreatbritishbakeoff.co.uk/wp-content/uploads/2020/08/Liam_Charles_2019_1024-100x100.png,1964.6,48.4,15.040000000000001,13.23,23.56
42,Prue Leith’s Veggie Sausage Plaits,Prue Leith,3,Needs skill,30 mins ,20 mins,"[<h5>For the pastry:</h5>, <p>200g plain flour</p>, <p>200g butter, cold</p>, <p>1 tsp salt</p>, <p>135g fromage frais</p>]",https://thegreatbritishbakeoff.co.uk/wp-content/uploads/2019/11/forweb_0009_RX5.jpg,https://thegreatbritishbakeoff.co.uk/wp-content/uploads/2019/08/Prue_Leith_441_2900x2900-1024x1024-100x100.png,3772.55,0.0,38.5,27.2,49.42
43,Liam Charles’s Prue Leith Pancakes,Liam Charles,6,Needs skill,1 hr,20 mins,"[<h5>For the pancake batter:</h5>, <p>250g plain flour</p>, <p>1 egg</p>, <p>1 tbsp caster sugar</p>, <p>310ml whole milk </p>, <p>1 tbsp vegetable oil</p>, <p>1 tsp baking powder</p>, <p>1 tsp banana flavouring </p>, <p>1 tbsp maple syrup </p>, <p>2 tsp ground cinnamon</p>]",https://thegreatbritishbakeoff.co.uk/wp-content/uploads/2019/11/forweb_0011_RX4-LIAMS-PRUECAN-PANCAKES-TOP.jpg,https://thegreatbritishbakeoff.co.uk/wp-content/uploads/2020/08/Liam_Charles_2019_1024-100x100.png,4177.2,46.5,19.07,33.07,19.73
44,Prue Leith’s Apple & Cinnamon Buns,Prue Leith,8,Easy,30 mins ,20–25 mins,"[<h5>For the filling:</h5>, <p>1 tsp ground cinnamon</p>, <p>1 Jazz apple, peeled and diced into 1cm dice </p>, <p>55g light brown soft sugar</p>, <p>45g butter, melted</p>]",https://thegreatbritishbakeoff.co.uk/wp-content/uploads/2019/11/forweb_0012_RX3.jpg,https://thegreatbritishbakeoff.co.uk/wp-content/uploads/2019/08/Prue_Leith_441_2900x2900-1024x1024-100x100.png,209.0,0.0,0.0,0.07,53.36
45,Liam Charles’s Viennese Whirls,Liam Charles,6,Needs skill,30 mins,10 mins,"[<h5>For the biscuits:</h5>, <p>140g unsalted butter, very soft</p>, <p>30g icing sugar</p>, <p>120g plain flour</p>, <p>15g cornflour</p>]",https://thegreatbritishbakeoff.co.uk/wp-content/uploads/2019/11/forweb_0013_RX2.jpg,https://thegreatbritishbakeoff.co.uk/wp-content/uploads/2020/08/Liam_Charles_2019_1024-100x100.png,1931.55,0.0,4.2,11.61,3.92
46,Prue Leith’s English Madeleines,Prue Leith,8,Easy,30 mins ,8–10 mins,"[<h5>For the cakes:</h5>, <p>100g unsalted butter, softened </p>, <p>100g golden caster sugar </p>, <p>100g self-raising flour </p>, <p>2 large eggs </p>, <p>1 tsp baking powder </p>, <p>1 tsp vanilla bean paste </p>]",https://thegreatbritishbakeoff.co.uk/wp-content/uploads/2019/11/forweb_0014_RX1-.jpg,https://thegreatbritishbakeoff.co.uk/wp-content/uploads/2019/08/Prue_Leith_441_2900x2900-1024x1024-100x100.png,1786.0,44.0,13.67,12.030000000000001,21.419999999999998
47,Paul Hollywood’s Twice-baked Stilton Soufflés with Lavash Crackers,Paul Hollywood,6,Challenging,1 hr,30 mins,"[<h5>For the crackers:</h5>, <p>50g plain flour</p>, <p>25g wholemeal flour </p>, <p>½ tsp salt</p>, <p>1 tbsp olive oil </p>, <p>1 tbsp golden linseeds</p>, <p>1 tbsp sesame seeds</p>, <p>1 tsp fennel seeds</p>, <p>pinch of sea salt flakes</p>]",https://thegreatbritishbakeoff.co.uk/wp-content/uploads/2019/10/Twice_Baked_Souffles_1024x450.png,https://thegreatbritishbakeoff.co.uk/wp-content/uploads/2019/08/Paul_Hollywood_395_2900x2900-1024x1024-100x100.png,1170.5,0.0,1.78,4.62,1.1
48,Prue Leith’s Gâteau Saint Honoré,Prue Leith,8,Challenging,"2 hrs, plus chilling and freezing",40 mins,"[<h5>For the puff pastry:</h5>, <p>75g strong white bread flour, chilled </p>, <p>75g plain flour, chilled</p>, <p>pinch of salt</p>, <p>1 large egg</p>, <p>50ml water, chilled</p>, <p>125g unsalted butter, chilled</p>]",https://thegreatbritishbakeoff.co.uk/wp-content/uploads/2019/10/Gateau_St_Honore_1024x450.png,https://thegreatbritishbakeoff.co.uk/wp-content/uploads/2019/08/Prue_Leith_441_2900x2900-1024x1024-100x100.png,0.0,0.0,0.0,0.0,0.0
49,Paul Hollywood’s Moroccan-style Pie,Paul Hollywood,8,Needs skill,1 hr 15 mins,45 mins,"[<h5>For the filling:</h5>, <p>5 tbsp olive oil </p>, <p>4 boneless, skinless chicken thighs, diced </p>, <p>700g diced butternut squash and sweet potato </p>, <p>2 tsp ras el hanout</p>, <p>½ tsp crushed sea salt</p>, <p>2 large onions, chopped </p>, <p>3 garlic cloves, crushed </p>, <p>1 tbsp harissa paste</p>, <p>1 tsp fennel seeds</p>, <p>1 tsp cumin seeds</p>, <p>½ tsp ground ginger</p>, <p>1 tsp ground cinnamon</p>, <p>2 tbsp pomegranate molasses</p>, <p>100g pitted dried dates, chopped </p>, <p>100g pitted dried apricots, chopped </p>, <p>400g can of chickpeas, drained</p>, <p>1 vegetable stock cube</p>, <p>25g coriander, chopped </p>, <p>25g flat-leaf parsley, chopped </p>, <p>juice of ½ large or 1 small lemon</p>]",https://thegreatbritishbakeoff.co.uk/wp-content/uploads/2019/10/Pauls_Moroccan_Pie_1024x450_2.png,https://thegreatbritishbakeoff.co.uk/wp-content/uploads/2019/08/Paul_Hollywood_395_2900x2900-1024x1024-100x100.png,1316.0,0.0,0.7,7.0,15.4
50,Paul Hollywood’s Chocolate & Ricotta Cassatelle,Paul Hollywood,12,Challenging,1 hr 20 mins,15 mins,"[<h5>For the filling:</h5>, <p>250g ricotta </p>, <p>50g icing sugar, plus extra for dusting </p>, <p>finely grated zest of 1 small unwaxed orange </p>, <p>50g dark chocolate chips, roughly chopped </p>]",https://thegreatbritishbakeoff.co.uk/wp-content/uploads/2019/10/Choc_Ricotta_Cassatelle_1024x450.png,https://thegreatbritishbakeoff.co.uk/wp-content/uploads/2019/08/Paul_Hollywood_395_2900x2900-1024x1024-100x100.png,370.0,100.0,23.65,24.0,0.72
51,"Prue Leith’s Mango, Coconut & Raspberry Verrines",Prue Leith,6,Challenging,1 hr,15 mins,"[<h5>For the sable biscuit:</h5>, <p>50g unsalted butter, at room temperature</p>, <p>25g caster sugar</p>, <p>70g plain flour, sifted, plus extra for dusting </p>]",https://thegreatbritishbakeoff.co.uk/wp-content/uploads/2019/09/Verrines_1024x450_2.png,https://thegreatbritishbakeoff.co.uk/wp-content/uploads/2019/08/Prue_Leith_441_2900x2900-1024x1024-100x100.png,96.0,0.0,0.08,0.0,24.8
52,Prue Leith’s Beignets Soufflé,Prue Leith,18,Needs skill,30 mins,40 mins,"[<h5>For the beignet batter:</h5>, <p>55g unsalted butter</p>, <p>¼ tsp salt </p>, <p>½ tsp caster sugar </p>, <p>65g plain flour, sifted</p>, <p>3 eggs, beaten</p>, <p>icing sugar, for dusting</p>]",https://thegreatbritishbakeoff.co.uk/wp-content/uploads/2019/09/Beignets-Souffles-1024x450.png,https://thegreatbritishbakeoff.co.uk/wp-content/uploads/2019/08/Prue_Leith_441_2900x2900-1024x1024-100x100.png,392.7,117.7,43.21,0.0,0.0
53,Prue Leith’s Maids of Honour,Prue Leith,12,Needs skill,1 hr,30 mins,"[<h5>For the curd cheese:</h5>, <p>900ml whole milk</p>, <p>1 tsp fine salt</p>, <p>45ml white wine vinegar</p>]",https://thegreatbritishbakeoff.co.uk/wp-content/uploads/2019/09/Maids-of-Honour-1024x450-3.png,https://thegreatbritishbakeoff.co.uk/wp-content/uploads/2019/08/Prue_Leith_441_2900x2900-1024x1024-100x100.png,558.0,135.0,29.97,29.97,41.22
54,Paul Hollywood’s Floury Baps & Veggie Burgers,Paul Hollywood,4,Needs skill,"40 mins, plus rising and proving","15 mins, plus 10 mins for frying","[<h5>For the floury baps:</h5>, <p>375g strong white bread flour, plus extra for dusting</p>, <p>7g fast-action dried yeast</p>, <p>7g salt</p>, <p>30g caster sugar</p>, <p>30g vegetarian shortening, softened and cut into pieces </p>, <p>250ml water </p>]",https://thegreatbritishbakeoff.co.uk/wp-content/uploads/2019/09/Pauls-Floury-Baps-1024x450-1.png,https://thegreatbritishbakeoff.co.uk/wp-content/uploads/2019/08/Paul_Hollywood_395_2900x2900-1024x1024-100x100.png,242.95,0.0,0.62,2.83,58.95
55,Paul Hollywood’s Fig Rolls,Paul Hollywood,12,Challenging,1 hr,15 mins,"[<h5>For the biscuit dough:</h5>, <p>175g plain flour, plus extra for dusting</p>, <p>pinch of fine salt</p>, <p>¼ tsp baking powder</p>, <p>50g unsalted butter, softened</p>, <p>40g light muscovado sugar</p>, <p>1 egg, beaten</p>, <p>½ tsp vanilla extract</p>]",https://thegreatbritishbakeoff.co.uk/wp-content/uploads/2019/09/fig-rolls-1024x450-5.png,https://thegreatbritishbakeoff.co.uk/wp-content/uploads/2019/08/Paul_Hollywood_395_2900x2900-1024x1024-100x100.png,289.6,6.4,2.3,1.42,2.26
56,Prue Leith’s Angel Cake Slices,Prue Leith,6,Challenging,1 hr 15 mins,15 mins,"[<h5>For the génoise:</h5>, <p>60g unsalted butter, melted and cooled, plus extra for greasing</p>, <p>4 large eggs, at room temperature</p>, <p>120g caster sugar</p>, <p>120g plain flour, sifted</p>, <p>½ tsp vanilla extract</p>, <p>½ tsp natural raspberry flavouring</p>, <p>pink food-colouring gel</p>, <p>finely grated zest of 1 small unwaxed lemon</p>, <p>yellow food-colouring gel</p>]",https://thegreatbritishbakeoff.co.uk/wp-content/uploads/2019/10/angel_slices_2019_1024x450.png,https://thegreatbritishbakeoff.co.uk/wp-content/uploads/2019/08/Prue_Leith_441_2900x2900-1024x1024-100x100.png,460.8,0.0,0.37,0.0,119.06
57,Prue Leith’s Choux Swans,Prue Leith,6,Needs skill,35 mins,25 mins,"[<h5>For the choux pastry:</h5>, <p>50g unsalted butter</p>, <p>pinch of salt</p>, <p>100g plain flour, sifted</p>, <p>3 eggs, beaten</p>]",https://thegreatbritishbakeoff.co.uk/wp-content/uploads/2019/05/181207_013_SUTC_ChouxSwans_1024x450.png,https://thegreatbritishbakeoff.co.uk/wp-content/uploads/2019/08/Prue_Leith_441_2900x2900-1024x1024-100x100.png,357.0,107.0,39.28,0.0,0.0
58,Chocolate Crumpets with Black Cherry Jam,Prue Leith,6,Easy,"30 mins, plus standing",30 mins,"[<h5>For the crumpets:</h5>, <p>75g plain flour</p>, <p>75g strong white flour</p>, <p>25g cocoa powder</p>, <p>7g fast-action dried yeast</p>, <p>½ tsp caster sugar</p>, <p>175ml warm whole milk</p>, <p>75ml warm water</p>, <p>¼ tsp bicarbonate of soda</p>, <p>1 tsp salt</p>, <p>sunflower oil, for cooking &amp; greasing</p>]",https://thegreatbritishbakeoff.co.uk/wp-content/uploads/2019/05/181205_002_SUTC_ChocCrumpets_1024x450-1024x450.png,https://thegreatbritishbakeoff.co.uk/wp-content/uploads/2019/08/Prue_Leith_441_2900x2900-1024x1024-100x100.png,2510.75,21.0,11.8,24.78,10.08
59,Paul Hollywood’s Pork Pies,Paul Hollywood,6,Needs skill,1 hr,50 mins,"[<h5>For the apple chutney:</h5>, <p>400g Bramley apples, peeled, cored and diced</p>, <p>200g soft light brown sugar</p>, <p>125g raisins</p>, <p>½ onion, finely chopped</p>, <p>1 tsp mustard seeds</p>, <p>1 tsp mixed spice</p>, <p>¼ tsp salt</p>, <p>175ml cider vinegar</p>]",https://thegreatbritishbakeoff.co.uk/wp-content/uploads/2019/05/181205_001_SUTC_PorkPies_1024x450-1024x450.png,https://thegreatbritishbakeoff.co.uk/wp-content/uploads/2019/08/Paul_Hollywood_395_2900x2900-1024x1024-100x100.png,1291.25,0.0,0.31,4.36,276.21999999999997
60,Paul Hollywood’s Cream Horns,Paul Hollywood,6,Needs skill,"1 hr, plus chilling",20 mins,"[<h5>For the cheat’s rough puff:</h5>, <p>100g plain flour</p>, <p>100g strong white bread flour</p>, <p>pinch of salt</p>, <p>35g unsalted butter, chilled and cut into small dice</p>, <p>80g unsalted butter, frozen and grated</p>, <p>1 egg, beaten</p>, <p>caster sugar, for sprinkling</p>]",https://thegreatbritishbakeoff.co.uk/wp-content/uploads/2019/05/SUTC_Cream_Horns_1024x450-1024x450.png,https://thegreatbritishbakeoff.co.uk/wp-content/uploads/2019/08/Paul_Hollywood_395_2900x2900-1024x1024-100x100.png,3114.0,0.0,5.15,23.4,2.21
61,Prue Leith’s Stripy Swiss Roll,Prue Leith,8–10,Needs skill,20 mins,12 mins,"[<h5>For the jam:</h5>, <p>125g raspberries</p>, <p>125g strawberries, hulled and halved</p>, <p>250g jam sugar</p>]",https://thegreatbritishbakeoff.co.uk/wp-content/uploads/2019/05/181206_008_SUTC_SwissRoll_1024x450-1024x450.png,https://thegreatbritishbakeoff.co.uk/wp-content/uploads/2019/08/Prue_Leith_441_2900x2900-1024x1024-100x100.png,1645.0,0.0,0.25,1.79,78.89
62,Prue Leith’s Snow Eggs,Prue Leith,6,Needs skill,50 mins,10 mins,"[<h5>For the crème anglaise:</h5>, <p>200ml whole milk</p>, <p>100ml double cream</p>, <p>¼ tsp vanilla paste</p>, <p>3 large eggs yolks</p>, <p>40g caster sugar</p>]",https://thegreatbritishbakeoff.co.uk/wp-content/uploads/2019/05/Snow_Eggs_1024x450_2-1024x450.png,https://thegreatbritishbakeoff.co.uk/wp-content/uploads/2019/08/Prue_Leith_441_2900x2900-1024x1024-100x100.png,559.6,80.0,22.96,22.9,53.01
63,Paul Hollywood’s Leaf Bread,Paul Hollywood,10,Needs skill,2 hrs,10 mins,"[<p>250g plain flour</p>, <p>1½ tsp caster sugar</p>, <p>½ tsp baking powder</p>, <p>½ tsp salt</p>, <p>25g unsalted butter</p>, <p>115ml whole milk</p>, <p>vegetable oil, for frying</p>]",https://thegreatbritishbakeoff.co.uk/wp-content/uploads/2019/05/Xmas_Leaf_Bread_1024x450-1024x450.png,https://thegreatbritishbakeoff.co.uk/wp-content/uploads/2019/08/Paul_Hollywood_395_2900x2900-1024x1024-100x100.png,4234.8,70.75,32.22,26.58,10.8
64,Paul Hollywood’s Campfire Pitta Breads ,Paul Hollywood,6,Needs skill,"1 hr, plus rising ","1–2 mins per pitta, plus about 40 mins for dips","[<h5>For the dough: </h5>, <p>125g strong white bread flour, plus extra for dusting</p>, <p>125g wholemeal flour</p>, <p>1 tsp salt</p>, <p>1½ tsp fast-action dried yeast</p>, <p>2 tsp olive oil</p>, <p>160ml cold water  </p>]",https://thegreatbritishbakeoff.co.uk/wp-content/uploads/2019/05/GBBO9_Campfire_Pittas_1024x450-1024x450.png,https://thegreatbritishbakeoff.co.uk/wp-content/uploads/2019/08/Paul_Hollywood_395_2900x2900-1024x1024-100x100.png,7787.5,0.0,160.09,0.56,0.0
65,Prue Leith’s Torta Setteveli,Prue Leith,12–16,Needs skill,"1 hr 30 mins, plus chilling",30 mins ,"[<h5>For the génoise sponge: </h5>, <p>130g plain flour </p>, <p>50g cocoa </p>, <p>180g caster sugar  </p>, <p>6 large eggs </p>, <p>30g unsalted butter, melted, plus extra for greasing </p>]",https://thegreatbritishbakeoff.co.uk/wp-content/uploads/2019/05/Choc_Torte_1024x450-1024x450.png,https://thegreatbritishbakeoff.co.uk/wp-content/uploads/2019/08/Prue_Leith_441_2900x2900-1024x1024-100x100.png,2877.3999999999996,0.0,11.959999999999999,21.630000000000003,182.35
66,Paul Hollywood’s Aebleskiver,Paul Hollywood,16,Easy,30 mins,45 mins,"[<h5>For the batter:</h5>, <p>1 large egg, separated </p>, <p>1 tsp caster sugar </p>, <p>75g plain flour </p>, <p>pinch of salt </p>, <p>¼ tsp bicarbonate of soda </p>, <p>135ml buttermilk </p>, <p>35g unsalted butter, plus extra for cooking </p>, <p>icing sugar, to dust  </p>]",https://thegreatbritishbakeoff.co.uk/wp-content/uploads/2019/06/Paul_Hollywood_Aebleskiver_1024x450_1.png,https://thegreatbritishbakeoff.co.uk/wp-content/uploads/2019/08/Paul_Hollywood_395_2900x2900-1024x1024-100x100.png,1279.2,14.85,7.09,11.16,8.25
67,Prue Leith’s Vegan Tropical Pavlova,Prue Leith,6–8,Needs skill,1 hr,1 hr 15 mins,"[<h5>For the meringue:</h5>, <p>200ml aquafaba (drained from 1½ cans of chickpeas) </p>, <p>½ tsp cream of tartar </p>, <p>270g caster sugar </p>, <p>½ vanilla pod, seeds scraped </p>, <p>1 tsp xanthum gum  </p>]",https://thegreatbritishbakeoff.co.uk/wp-content/uploads/2019/06/Tropical_Pavlova_1024x450_2.png,https://thegreatbritishbakeoff.co.uk/wp-content/uploads/2019/08/Prue_Leith_441_2900x2900-1024x1024-100x100.png,1428.8,0.0,19.54,15.76,276.19
68,Prue Leith’s Puits d’Amour,Prue Leith,9 pastries,Needs skill,"1 hr, plus chilling",25 mins,"[<h5>For the rough puff: </h5>, <p>165g plain flour </p>, <p>good pinch of salt </p>, <p>115g salted butter, frozen </p>, <p>6–7 tbsp chilled water </p>]",https://thegreatbritishbakeoff.co.uk/wp-content/uploads/2019/06/Puits_dAmour_1024x450_5.png,https://thegreatbritishbakeoff.co.uk/wp-content/uploads/2019/08/Prue_Leith_441_2900x2900-1024x1024-100x100.png,2630.1,0.0,5.78,15.02,3.65
69,Paul Hollywood’s Ma’amoul,Paul Hollywood,12,Easy,"45 mins, plus chilling",15 mins,"[<h5>For the dough: </h5>, <p>pinch of mastic </p>, <p>20g caster sugar </p>, <p>175g fine semolina </p>, <p>20g plain flour </p>, <p>½ tsp ground mahleb </p>, <p>90g chilled ghee </p>, <p>2 tsp orange blossom water </p>, <p>2 tsp rose water  </p>, <p>icing sugar, to dust </p>]",https://thegreatbritishbakeoff.co.uk/wp-content/uploads/2019/06/Maamoul_1024x450.png,https://thegreatbritishbakeoff.co.uk/wp-content/uploads/2019/08/Paul_Hollywood_395_2900x2900-1024x1024-100x100.png,,,,,
70,Prue Leith’s Raspberry Blancmange,Prue Leith,12,Easy,"30 mins, plus setting",10 mins,"[<h5>For the blancmange: </h5>, <p>8 gelatine leaves  </p>, <p>750g raspberries </p>, <p>50ml raspberry liqueur  </p>, <p>25g cornflour </p>, <p>300ml whole milk </p>, <p>150g caster sugar </p>, <p>40g ground almonds </p>, <p>1 tsp almond extract </p>, <p>450ml double cream </p>, <p>crystallised rose petals, to decorate  </p>]",https://thegreatbritishbakeoff.co.uk/wp-content/uploads/2019/06/Raspberry_Blancmange_1024x450.png,https://thegreatbritishbakeoff.co.uk/wp-content/uploads/2019/08/Prue_Leith_441_2900x2900-1024x1024-100x100.png,,,,,
71,Paul Hollywood’s Naan Bread with Garlic Ghee,Paul Hollywood,8,Easy,"20 mins, plus rising",15 mins,"[<h5>For the dough:</h5>, <p>450g plain flour  </p>, <p>1 tsp salt </p>, <p>1 tsp baking powder  </p>, <p>200ml whole milk </p>, <p>100ml natural yogurt </p>, <p>1 egg </p>, <p>1 tbsp caster sugar </p>, <p>small bunch of coriander, chopped, to serve </p>]",https://thegreatbritishbakeoff.co.uk/wp-content/uploads/2019/07/Garlic_naan_1024x450.png,https://thegreatbritishbakeoff.co.uk/wp-content/uploads/2019/08/Paul_Hollywood_395_2900x2900-1024x1024-100x100.png,,,,,
72,Prue Leith’s Le Gâteau Vert,Prue Leith,8–10,Needs skill,1 hr,40 mins,"[<h5>For the pistachio marzipan:</h5>, <p>300g pistachio kernels </p>, <p>225g icing sugar </p>, <p>1 large egg white, whisked </p>, <p>1 tsp pistachio essence </p>]",https://thegreatbritishbakeoff.co.uk/wp-content/uploads/2019/07/Monet_Vert_1024x450.png,https://thegreatbritishbakeoff.co.uk/wp-content/uploads/2019/08/Prue_Leith_441_2900x2900-1024x1024-100x100.png,,,,,
73,Paul Hollywood’s Wagon Wheels Biscuits,Paul Hollywood,8,Challenging,"2 hrs, plus chilling ",12 mins,"[<h5>For the biscuits: </h5>, <p>200g plain flour</p>, <p>pinch of salt</p>, <p>150g salted butter, diced</p>, <p>75g caster sugar</p>, <p>1 tbsp vanilla paste</p>, <p>1 egg yolk</p>, <p>225g 70% dark chocolate, melted, to coat</p>]",https://thegreatbritishbakeoff.co.uk/wp-content/uploads/2019/07/Wagon_Wheels_1024x450.png,https://thegreatbritishbakeoff.co.uk/wp-content/uploads/2019/08/Paul_Hollywood_395_2900x2900-1024x1024-100x100.png,3476.0,0.0,7.23,18.2,78.84
74,Prue Leith’s Custard Pie,Prue Leith,8,Challenging,"2 hrs, plus chilling ",12 mins,"[<h5>For the rich shortcrust pastry:</h5>, <p>170g plain flour, plus extra for dusting</p>, <p>pinch of salt</p>, <p>100g unsalted butter, cut into cubes</p>, <p>2 tbsp icing sugar, sifted</p>, <p>1 medium egg yolk</p>, <p>2–3 tbsp cold water</p>]",https://thegreatbritishbakeoff.co.uk/wp-content/uploads/2019/08/Custard_Tart_1024x450-1024x450.png,https://thegreatbritishbakeoff.co.uk/wp-content/uploads/2019/08/Prue_Leith_441_2900x2900-1024x1024-100x100.png,0.0,0.0,0.0,0.0,0.0
75,Paul Hollywood’s Fruit Turnovers,Paul Hollywood,6,Challenging,"2 hrs, plus chilling ",12 mins,"[<h5>For the rough puff pastry:</h5>, <p>300g all purpose flour, plus extra for dusting</p>, <p>pinch of salt</p>, <p>50g butter, chilled and cut into cubes</p>, <p>6–8 tbsp water</p>, <p>120g butter, frozen</p>, <p>1 egg, beaten, to glaze</p>]",https://thegreatbritishbakeoff.co.uk/wp-content/uploads/2019/08/Fruit_Turnover_1024x450-1024x450.png,https://thegreatbritishbakeoff.co.uk/wp-content/uploads/2019/08/Paul_Hollywood_395_2900x2900-1024x1024-100x100.png,0.0,0.0,0.0,0.0,0.0
76,Prue Leith’s Tiramisu Sandwich Biscuits,Prue Leith,8,Challenging,"2 hrs, plus chilling ",12 mins,"[<h5>For the biscuits:</h5>, <p>200g very soft unsalted butter</p>, <p>40g icing sugar</p>, <p>2 tbsp coffee liqueur</p>, <p>½ tsp instant espresso powder</p>, <p>180g plain flour</p>, <p>20g cornflour</p>]",https://thegreatbritishbakeoff.co.uk/wp-content/uploads/2019/08/Tiramisu_Biscuits_1024x450-1024x450.png,https://thegreatbritishbakeoff.co.uk/wp-content/uploads/2019/08/Prue_Leith_441_2900x2900-1024x1024-100x100.png,3594.2,6.0,14.399999999999999,33.54,6.17
77,Paul Hollywood’s Devil’s Food Cake,Paul Hollywood,12–16,Challenging,"2 hrs, plus chilling ",12 mins,"[<h5>For the chocolate frosting:</h5>, <p>200ml double cream</p>, <p>350g butter</p>, <p>450g dark chocolate (36% cocoa solids), finely chopped</p>]",https://thegreatbritishbakeoff.co.uk/wp-content/uploads/2019/08/Devils-Food-Cake-1024x450-1024x450.png,https://thegreatbritishbakeoff.co.uk/wp-content/uploads/2019/08/Paul_Hollywood_395_2900x2900-1024x1024-100x100.png,3063.0,849.0,307.35,32.48,8.32
78,Paul Hollywood’s Crepe Suzette,Paul Hollywood,6,Challenging,"2 hrs, plus chilling ",12 mins,"[<h5>For the crepe batter:</h5>, <p>125g plain flour</p>, <p>½ tsp salt</p>, <p>15g caster sugar</p>, <p>2 medium eggs</p>, <p>250ml full-fat milk</p>, <p>sunflower oil, to grease the pan</p>]",https://thegreatbritishbakeoff.co.uk/wp-content/uploads/2019/08/Crepe-Suzette-1024x450-1024x450.png,https://thegreatbritishbakeoff.co.uk/wp-content/uploads/2019/08/Paul_Hollywood_395_2900x2900-1024x1024-100x100.png,6775.1,0.0,56.18,107.88,17.64
79,Paul Hollywood’s Christmas Kransekake,Paul Hollywood,1 large kransekake,Challenging,"2 hrs, plus chilling ",12 mins,"[<p>600g blanched almonds, finely ground</p>, <p>600g icing sugar, sifted, plus extra for dusting</p>, <p>3 large egg whites, beaten</p>, <p>1 tsp almond extract</p>, <p>300g Iranian pistachios, finely ground</p>]",https://thegreatbritishbakeoff.co.uk/wp-content/uploads/2019/08/kranesekake-1024x450.png,https://thegreatbritishbakeoff.co.uk/wp-content/uploads/2019/08/Paul_Hollywood_395_2900x2900-1024x1024-100x100.png,0.0,0.0,0.0,0.0,0.0
80,Prue Leith’s Mince Pies,Prue Leith,12,Challenging,"2 hrs, plus chilling ",12 mins,"[<h5>For the pastry:</h5>, <p>170g plain flour, plus extra for dusting</p>, <p>100g butter, cut into cubes</p>, <p>2 tbsp icing sugar, plus extra for dusting</p>, <p>1 medium egg yolk</p>, <p>2 tbsp cold water</p>, <p>1 medium egg, beaten</p>]",https://thegreatbritishbakeoff.co.uk/wp-content/uploads/2019/08/mince-pies-1024x450-1024x450.png,https://thegreatbritishbakeoff.co.uk/wp-content/uploads/2019/08/Prue_Leith_441_2900x2900-1024x1024-100x100.png,0.0,0.0,0.0,0.0,0.0
81,Prue Leith’s Iced Ginger Biscuits,Prue Leith,12,Needs skill,2 hrs,12 mins,"[<h5>For the ginger biscuits:</h5>, <p>150g unsalted butter</p>, <p>100g light muscovado sugar</p>, <p>2 tsp molasses</p>, <p>3 tbsp beaten egg</p>, <p>225g plain flour</p>, <p>¾ tsp bicarbonate of soda</p>, <p>1½ tsp ground cinnamon</p>, <p>1 tsp ground ginger</p>, <p>¼ tsp salt</p>, <p>¼ tsp ground cloves</p>]",https://thegreatbritishbakeoff.co.uk/wp-content/uploads/2017/10/171013_065_Prues_GingerBiscuits_450.jpg,https://thegreatbritishbakeoff.co.uk/wp-content/uploads/2019/08/Prue_Leith_441_2900x2900-1024x1024-100x100.png,5381.5,337.0,131.47,24.02,10.620000000000001
82,Paul Hollywood’s Cumberland Rum Nicky,Paul Hollywood,6-8,Easy,"25 mins, plus chilling",35 mins,"[<h5>For the filling:</h5>, <p>250g medjool dates, pitted and coarsely chopped</p>, <p>100g dried apricots, coarsely chopped</p>, <p>50g crystallised ginger, finely chopped</p>, <p>50ml dark rum</p>, <p>50g dark brown soft sugar</p>, <p>50g unsalted butter, cut into 1cm dice</p>]",https://thegreatbritishbakeoff.co.uk/wp-content/uploads/2017/10/170920_039_RumNicky_450.jpg,https://thegreatbritishbakeoff.co.uk/wp-content/uploads/2019/08/Paul_Hollywood_395_2900x2900-1024x1024-100x100.png,305.5,0.0,0.0,0.06,48.51
83,Prue Leith’s Pizza Margherita,Prue Leith,2,Needs skill,"30 mins, plus rising",15 mins,"[<h5>For the dough:</h5>, <p>200g ‘00’ flour, plus extra for dusting</p>, <p>½ tsp fine salt</p>, <p>10g fresh yeast</p>, <p>pinch of caster sugar</p>, <p>115ml lukewarm water</p>, <p>2 tbsp olive oil, plus extra for greasing</p>, <p>semolina, for dusting</p>]",https://thegreatbritishbakeoff.co.uk/wp-content/uploads/2019/09/Margherita-1024x450.png,https://thegreatbritishbakeoff.co.uk/wp-content/uploads/2019/08/Prue_Leith_441_2900x2900-1024x1024-100x100.png,32.5,0.0,0.76,4.04,0.0
84,Paul Hollywood’s Pastéis de Nata,Paul Hollywood,12,Needs skill,"1 hr, plus chilling",12 mins,"[<h5>For the rough puff pastry:</h5>, <p>150g plain flour</p>, <p>pinch of salt</p>, <p>25g unsalted butter, chilled and diced</p>, <p>50–75ml chilled water</p>, <p>60g unsalted butter, frozen</p>]",https://thegreatbritishbakeoff.co.uk/wp-content/uploads/2017/10/170920_037_PaulsCustardTarts_450.jpg,https://thegreatbritishbakeoff.co.uk/wp-content/uploads/2019/08/Paul_Hollywood_395_2900x2900-1024x1024-100x100.png,2391.0,0.0,5.25,13.65,3.31
85,Paul Hollywood’s Molten Puddings,Paul Hollywood,6,Easy,20 mins,12 mins,"[<p>2–3 tbsp cocoa powder, for dusting </p>, <p>165g 70% dark chocolate </p>, <p>165g unsalted butter </p>, <p>3 eggs </p>, <p>3 egg yolks </p>, <p>85g caster sugar </p>, <p>2 tbsp plain flour </p>, <p>6 heaped tsp smooth peanut butter</p>]",https://thegreatbritishbakeoff.co.uk/wp-content/uploads/2019/10/Molten_Choc_Puds_1024_3.png,https://thegreatbritishbakeoff.co.uk/wp-content/uploads/2019/08/Paul_Hollywood_395_2900x2900-1024x1024-100x100.png,4458.0,391.05,205.07,12.85,123.92
86,Prue Leith’s Stroopwafels,Prue Leith,12,Needs skill,"20 mins, plus resting",50 mins,"[<h5>For the dough:</h5>, <p>300g plain flour </p>, <p>65g unsalted butter </p>, <p>7g fast-action dried yeast </p>, <p>½ tsp ground cinnamon </p>, <p>65g caster sugar </p>, <p>65ml warm water </p>, <p>1 large egg </p>, <p>pinch of salt</p>]",https://thegreatbritishbakeoff.co.uk/wp-content/uploads/2019/09/Stroopwafels_1024x450.png,https://thegreatbritishbakeoff.co.uk/wp-content/uploads/2019/08/Prue_Leith_441_2900x2900-1024x1024-100x100.png,5054.35,152.1,64.21,30.130000000000003,71.11999999999999
87,Paul Hollywood’s Classic Cottage Loaf,Paul Hollywood,1 loaf,Easy,"20 mins, plus rising",40 mins,"[<p>500g strong white bread flour, plus extra for dusting </p>, <p>7g fast-action dried yeast </p>, <p>7g fine salt </p>, <p>50g lard, cut into small pieces and softened </p>, <p>oil, for greasing</p>]",https://thegreatbritishbakeoff.co.uk/wp-content/uploads/2017/09/170905_016B_PaulsCottageLoaf_450.jpg,https://thegreatbritishbakeoff.co.uk/wp-content/uploads/2019/08/Paul_Hollywood_395_2900x2900-1024x1024-100x100.png,129.15,0.0,0.65,3.2600000000000002,0.0
88,Paul Hollywood’s Fortune Cookies,Paul Hollywood,12,Needs skill,30 mins,1 hr 12 mins,"[<h5>For the cookie dough:</h5>, <p>2 large egg whites </p>, <p>3 tbsp vegetable oil </p>, <p>65g plain flour </p>, <p>1½ tsp cornflour </p>, <p>pinch of salt </p>, <p>100g caster sugar</p>]",https://thegreatbritishbakeoff.co.uk/wp-content/uploads/2019/09/Fortune_Cookies_1024x450.png,https://thegreatbritishbakeoff.co.uk/wp-content/uploads/2019/08/Paul_Hollywood_395_2900x2900-1024x1024-100x100.png,1420.1,0.0,2.58,5.92,100.66
89,Prue Leith’s Chocolate Mini Rolls,Prue Leith,12,Needs skill,45 mins,18 mins,"[<h5>For the sponge:</h5>, <p>60g cocoa powder</p>, <p>30g unsalted butter, melted</p>, <p>1 tsp vanilla extract</p>, <p>4 tbsp boiling water</p>, <p>6 large eggs, separated</p>, <p>150g caster sugar</p>]",https://thegreatbritishbakeoff.co.uk/wp-content/uploads/2019/09/Swiss-Rolls-1024x450.png,https://thegreatbritishbakeoff.co.uk/wp-content/uploads/2019/08/Prue_Leith_441_2900x2900-1024x1024-100x100.png,726.0,0.0,5.47,10.0,148.83
90,Mary Berry’s Victoria Sponge,Prue Leith,8-10,Needs skill,45 mins,18 mins,"[<h5>For the sponge:</h5>, <p>4 large eggs</p>, <p>225g caster sugar, plus extra for sprinkling</p>, <p>225g self-raising flour</p>, <p>1 level tsp baking powder</p>, <p>225g unsalted butter, softened, plus extra for greasing</p>]",https://thegreatbritishbakeoff.co.uk/wp-content/uploads/2019/12/Recipe_Card_B_1024_1-1024x450.png,https://thegreatbritishbakeoff.co.uk/wp-content/uploads/2019/08/Prue_Leith_441_2900x2900-1024x1024-100x100.png,3332.25,0.0,2.18,22.25,0.49
91,Paul Hollywood’s Savarin,Paul Hollywood,8-10,Needs skill,45 mins,18 mins,"[<p>350g plain flour</p>, <p>50g caster sugar</p>, <p>10g instant yeast</p>, <p>½ tsp salt</p>, <p>3 tbsp milk</p>, <p>6 eggs</p>, <p>180g unsalted butter, at room temperature, cubed, plus extra for greasing</p>, <p>finely grated zest of 1 large orange</p>, <p>finely grated zest of 1 large lemon</p>]",https://thegreatbritishbakeoff.co.uk/wp-content/uploads/2019/12/Recipe_Card_C_1024_1-1024x450.png,https://thegreatbritishbakeoff.co.uk/wp-content/uploads/2019/08/Paul_Hollywood_395_2900x2900-1024x1024-100x100.png,5771.0,0.0,12.4,31.85,57.35
92,Paul Hollywood’s Jumbles,Paul Hollywood,8,Needs skill,45 mins,18 mins,"[<h5>For the dough:</h5>, <p>1 tsp caraway seeds</p>, <p>375g plain flour, plus extra for dusting</p>, <p>½ tsp ground aniseed</p>, <p>½ tsp ground mace</p>, <p>60g unsalted butter, cubed</p>, <p>150g caster sugar</p>, <p>finely grated zest 1 large or 2 small lemons</p>, <p>3 medium eggs, lightly beaten</p>]",https://thegreatbritishbakeoff.co.uk/wp-content/uploads/2019/12/Recipe_Card_B_1024_1-1024x450.png,https://thegreatbritishbakeoff.co.uk/wp-content/uploads/2019/08/Paul_Hollywood_395_2900x2900-1024x1024-100x100.png,576.0,0.0,0.47,0.0,148.83
93,Mary Berry’s Marjolaine,Paul Hollywood,10-12,Needs skill,45 mins,18 mins,"[<h5>For the dacquoise:</h5>, <p>125g blanched almonds</p>, <p>125g blanched hazelnuts</p>, <p>300g caster sugar</p>, <p>25g cornflour</p>, <p>6 large egg whites (reserve the yolks)</p>]",https://thegreatbritishbakeoff.co.uk/wp-content/uploads/2019/12/Recipe_Card_C_1024_1-1024x450.png,https://thegreatbritishbakeoff.co.uk/wp-content/uploads/2019/08/Paul_Hollywood_395_2900x2900-1024x1024-100x100.png,7543.75,0.0,143.02,45.03,309.15
94,Paul Hollywood’s Herby Fougasse,Paul Hollywood,2 large loaves,Needs skill,45 mins,18 mins,"[<p>500g strong white bread flour, plus extra for dusting</p>, <p>10g fine salt</p>, <p>10g instant yeast</p>, <p>2 tbsp olive oil, plus extra for brushing</p>, <p>350ml warm water</p>, <p>2 tsp chopped fresh rosemary, plus extra to finish</p>, <p>2 tsp chopped fresh thyme</p>, <p>2 tsp chopped fresh sage</p>, <p>fine semolina for dusting</p>, <p>½ tsp dried oregano</p>, <p>crushed sea salt, to finish</p>]",https://thegreatbritishbakeoff.co.uk/wp-content/uploads/2019/12/Recipe_Card_C_1024_1-1024x450.png,https://thegreatbritishbakeoff.co.uk/wp-content/uploads/2019/08/Paul_Hollywood_395_2900x2900-1024x1024-100x100.png,152.0,0.0,0.17,0.62,0.0
95,Mary Berry’s Bakewell Tart,Paul Hollywood,12,Needs skill,45 mins,18 mins,"[<h5>For the jam:</h5>, <p>200g raspberries</p>, <p>250g jam sugar</p>]",https://thegreatbritishbakeoff.co.uk/wp-content/uploads/2019/12/Recipe_Card_B_1024_1-1024x450.png,https://thegreatbritishbakeoff.co.uk/wp-content/uploads/2019/08/Paul_Hollywood_395_2900x2900-1024x1024-100x100.png,1682.5,0.0,0.25,2.86,82.11
96,Paul Hollywood’s Lacy Pancakes,Paul Hollywood,12,Needs skill,45 mins,18 mins,"[<p>175g plain flour</p>, <p>1 large egg</p>, <p>1 large egg yolk</p>, <p>300ml milk</p>, <p>25g unsalted butter, melted</p>]",https://thegreatbritishbakeoff.co.uk/wp-content/uploads/2019/12/Recipe_Card_B_1024_1-1024x450.png,https://thegreatbritishbakeoff.co.uk/wp-content/uploads/2019/08/Paul_Hollywood_395_2900x2900-1024x1024-100x100.png,2915.5,12.0,9.24,25.92,17.61
97,Paul Hollywood’s Dampfnudel,Paul Hollywood,12 dampfnudels,Needs skill,45 mins,18 mins,"[<h5>For the dampfnudel:</h5>, <p>500g strong white bread flour, plus extra for dusting</p>, <p>100g caster sugar</p>, <p>7g instant yeast</p>, <p>150ml warm whole milk</p>, <p>2 large eggs, lightly beaten</p>, <p>70g unsalted butter, melted</p>, <p>finely grated zest of 1 lemon</p>]",https://thegreatbritishbakeoff.co.uk/wp-content/uploads/2019/12/Recipe_Card_B_1024_1-1024x450.png,https://thegreatbritishbakeoff.co.uk/wp-content/uploads/2019/08/Paul_Hollywood_395_2900x2900-1024x1024-100x100.png,474.0,18.0,5.109999999999999,4.92,106.42999999999999
98,Mary Berry’s Viennese Whirls,Paul Hollywood,12-14 biscuits,Needs skill,45 mins,18 mins,"[<h5>For the jam:</h5>, <p>200g raspberries</p>, <p>250g jam sugar</p>]",https://thegreatbritishbakeoff.co.uk/wp-content/uploads/2019/12/Recipe_Card_C_1024_1-1024x450.png,https://thegreatbritishbakeoff.co.uk/wp-content/uploads/2019/08/Paul_Hollywood_395_2900x2900-1024x1024-100x100.png,1682.5,0.0,0.25,2.86,82.11
99,Mary Berry’s Jaffa Cakes,Paul Hollywood,12,Needs skill,45 mins,18 mins,"[<h5>For the jelly:</h5>, <p>135g packet orange jelly</p>, <p>finely grated zest of 1 small orange</p>, <p>150ml boiling water</p>]",https://thegreatbritishbakeoff.co.uk/wp-content/uploads/2019/12/Recipe_Card_C_1024_1-1024x450.png,https://thegreatbritishbakeoff.co.uk/wp-content/uploads/2019/08/Paul_Hollywood_395_2900x2900-1024x1024-100x100.png,1632.75,0.0,0.39,3.3200000000000003,69.15
100,Mary Berry’s Paris Brest,Paul Hollywood,4,Needs skill,45 mins,18 mins,"[<h5>For the choux:</h5>, <p>112g strong flour</p>, <p>80ml water</p>, <p>60ml whole milk</p>, <p>pinch of table salt</p>, <p>pinch of caster sugar</p>, <p>55g unsalted butter</p>, <p>3 medium eggs, lightly beaten</p>, <p>1 medium egg, for egg wash</p>, <p>handful of flaked almonds</p>]",https://thegreatbritishbakeoff.co.uk/wp-content/uploads/2019/12/Recipe_Card_A_1024_1-1024x450.png,https://thegreatbritishbakeoff.co.uk/wp-content/uploads/2019/08/Paul_Hollywood_395_2900x2900-1024x1024-100x100.png,879.02,126.7,46.89,10.4,43.21
101,Paul Hollywood’s Pandoro,Paul Hollywood,8-10,Needs skill,45 mins,18 mins,"[<p>500g strong white flour, plus extra for dusting</p>, <p>5g salt</p>, <p>125g caster sugar</p>, <p>10g dried active yeast</p>, <p>finely grated zest of 1 orange</p>, <p>finely grated zest of 1 lemon</p>, <p>150g softened butter, plus extra for greasing</p>, <p>100ml warm milk</p>, <p>2 medium eggs, preferably Burford Brown or other variety with golden yolk</p>, <p>2 egg yolks, preferably Burford Brown or other variety with golden yolk</p>, <p>2 tsp vanilla paste</p>]",https://thegreatbritishbakeoff.co.uk/wp-content/uploads/2019/12/Recipe_Card_A_1024_1-1024x450.png,https://thegreatbritishbakeoff.co.uk/wp-content/uploads/2019/08/Paul_Hollywood_395_2900x2900-1024x1024-100x100.png,676.1,12.0,4.35,7.32,128.84
102,Mary Berry’s Rosace à l’Orange,Paul Hollywood,10,Needs skill,45 mins,18 mins,"[<p>1 large orange</p>, <p>400ml water</p>, <p>400g caster sugar</p>, <p>50ml Grand Marnier</p>]",https://thegreatbritishbakeoff.co.uk/wp-content/uploads/2019/12/Recipe_Card_B_1024_1-1024x450.png,https://thegreatbritishbakeoff.co.uk/wp-content/uploads/2019/08/Paul_Hollywood_395_2900x2900-1024x1024-100x100.png,1821.5,0.0,1.24,0.0,470.03
103,Paul Hollywood’s Leftover Turkey & Ham Pie,Paul Hollywood,6,Needs skill,45 mins,18 mins,"[<h5>For the quick rough puff pastry:</h5>, <p>400g plain flour, plus extra for dusting</p>, <p>pinch of salt</p>, <p>65g chilled butter</p>, <p>160g frozen butter</p>, <p>150–180ml cold water</p>]",https://thegreatbritishbakeoff.co.uk/wp-content/uploads/2019/12/Recipe_Card_A_1024_1-1024x450.png,https://thegreatbritishbakeoff.co.uk/wp-content/uploads/2019/08/Paul_Hollywood_395_2900x2900-1024x1024-100x100.png,191.14999999999998,6.4,4.21,5.03,5.9
104,Mary Berry’s Christmas Trifle,Paul Hollywood,10,Needs skill,45 mins,18 mins,"[<h5>For the fruit compote:</h5>, <p>600ml water</p>, <p>finely grated zest of 1 lemon</p>, <p>250g ready to eat, dried apricots</p>, <p>150g dried, sweet cranberries</p>, <p>150g dried pineapple</p>]",https://thegreatbritishbakeoff.co.uk/wp-content/uploads/2019/12/Recipe_Card_C_1024_1-1024x450.png,https://thegreatbritishbakeoff.co.uk/wp-content/uploads/2019/08/Paul_Hollywood_395_2900x2900-1024x1024-100x100.png,814.5,0.0,0.0,0.0,186.26999999999998
105,Paul Hollywood’s Chelsea Bun Christmas Tree,Paul Hollywood,15,Needs skill,45 mins,18 mins,"[<p>800g strong white flour, plus extra for dusting</p>, <p>1 tbsp salt</p>, <p>15g sachet fast-acting yeast</p>, <p>400ml milk</p>, <p>60g unsalted butter, plus extra for greasing</p>, <p>2 free-range eggs</p>]",https://thegreatbritishbakeoff.co.uk/wp-content/uploads/2019/12/Recipe_Card_B_1024_1-1024x450.png,https://thegreatbritishbakeoff.co.uk/wp-content/uploads/2019/08/Paul_Hollywood_395_2900x2900-1024x1024-100x100.png,216.75,16.0,5.3,19.39,18.32
106,Mary Berry’s Christmas Pavlova,Paul Hollywood,12-15,Needs skill,45 mins,18 mins,"[<h5>For the pavlova:</h5>, <p>6 large egg whites</p>, <p>350g caster sugar</p>, <p>1 tsp white wine vinegar</p>, <p>1 tsp cornflour</p>]",https://thegreatbritishbakeoff.co.uk/wp-content/uploads/2019/12/Recipe_Card_C_1024_1-1024x450.png,https://thegreatbritishbakeoff.co.uk/wp-content/uploads/2019/08/Paul_Hollywood_395_2900x2900-1024x1024-100x100.png,1344.0,0.0,1.08,0.0,347.27
107,Strawberry Shortcake Stacks,Paul Hollywood,12-15,Needs skill,45 mins,18 mins,"[<h5>For the shortcakes:</h5>, <p>150g chilled butter</p>, <p>450g plain flour</p>, <p>110g caster sugar</p>, <p>3 tsp baking powder</p>, <p>3 tsp baking soda</p>, <p>pinch of salt</p>, <p>260ml whole milk</p>]",https://thegreatbritishbakeoff.co.uk/wp-content/uploads/2019/12/Recipe_Card_C_1024_1-1024x450.png,https://thegreatbritishbakeoff.co.uk/wp-content/uploads/2019/08/Paul_Hollywood_395_2900x2900-1024x1024-100x100.png,8061.099999999999,39.0,24.93,50.63000000000001,143.46
108,Gingerbread Cake Haunted Houses,Paul Hollywood,12,Needs skill,45 mins,18 mins,"[<p>175g plain flour</p>, <p>1 tsp bicarbonate of soda</p>, <p>1 tsp ground cinnamon</p>, <p>1 tsp ground mixed spice</p>, <p>1 tbsp ground ginger</p>, <p>good pinch of salt</p>, <p>100g unsalted butter</p>, <p>2 tbsp golden syrup</p>, <p>2 tbsp black treacle</p>, <p>100g light or dark brown muscovado sugar</p>, <p>100ml milk (whole or semi-skimmed)</p>, <p>1 large egg, beaten to mix</p>]",https://thegreatbritishbakeoff.co.uk/wp-content/uploads/2019/12/Recipe_Card_B_1024_1-1024x450.png,https://thegreatbritishbakeoff.co.uk/wp-content/uploads/2019/08/Paul_Hollywood_395_2900x2900-1024x1024-100x100.png,3917.5,217.0,84.77,19.48,105.94
109,Chocolate Stars,Paul Hollywood,20,Needs skill,45 mins,18 mins,"[<h5>For the dough:</h5>, <p>225g unsalted butter, softened</p>, <p>100g caster sugar</p>, <p>225g plain flour</p>, <p>65g cocoa powder</p>, <p>¼ tsp fine sea salt</p>]",https://thegreatbritishbakeoff.co.uk/wp-content/uploads/2019/12/Recipe_Card_C_1024_1-1024x450.png,https://thegreatbritishbakeoff.co.uk/wp-content/uploads/2019/08/Paul_Hollywood_395_2900x2900-1024x1024-100x100.png,4133.0,0.0,13.6,31.32,104.19
110,Mary Berry’s Hot Chocolate Souffle,Paul Hollywood,8,Needs skill,45 mins,18 mins,"[<h5>For the crème pâtissière chocolat:</h5>, <p>butter, for greasing</p>, <p>180g plain chocolate (minimum 36% cocoa solids)</p>, <p>300ml milk</p>, <p>25g cocoa powder</p>, <p>4 large free-range egg yolks</p>, <p>60g caster sugar, plus extra for dusting</p>, <p>40g plain flour</p>]",https://thegreatbritishbakeoff.co.uk/wp-content/uploads/2019/12/Recipe_Card_B_1024_1-1024x450.png,https://thegreatbritishbakeoff.co.uk/wp-content/uploads/2019/08/Paul_Hollywood_395_2900x2900-1024x1024-100x100.png,1789.1,53.4,59.989999999999995,31.57,107.32
111,Mary Berry’s Mokatines,Paul Hollywood,9,Needs skill,45 mins,18 mins,"[<h5>For the genoise sponge:</h5>, <p>40g butter</p>, <p>3 large eggs</p>, <p>75g caster sugar</p>, <p>65g self-raising flour</p>, <p>10g cornflour</p>]",https://thegreatbritishbakeoff.co.uk/wp-content/uploads/2019/12/Recipe_Card_B_1024_1-1024x450.png,https://thegreatbritishbakeoff.co.uk/wp-content/uploads/2019/08/Paul_Hollywood_395_2900x2900-1024x1024-100x100.png,1543.95,85.6,32.29,6.89,75.10000000000001
112,Paul Hollywood’s Raised Game Pie,Paul Hollywood,12,Needs skill,45 mins,18 mins,"[<h5>For the filling:</h5>, <p>700g boneless mixed game meat, diced</p>, <p>200g rindless back bacon, diced</p>, <p>200g minced pork belly (unsmoked)</p>, <p>2 banana shallots, finely chopped</p>, <p>2 garlic cloves, crushed</p>, <p>2 tbsp Madeira</p>, <p>½ tsp ground mace</p>, <p>½ tsp ground allspice</p>, <p>2 tbsp chopped fresh parsley</p>, <p>2 tbsp chopped fresh thyme</p>, <p>salt and pepper, to taste</p>]",https://thegreatbritishbakeoff.co.uk/wp-content/uploads/2019/12/Recipe_Card_C_1024_1-1024x450.png,https://thegreatbritishbakeoff.co.uk/wp-content/uploads/2019/08/Paul_Hollywood_395_2900x2900-1024x1024-100x100.png,4334.0,144.0,106.02,18.68,0.0
113,Mary Berry’s Tennis Cake,Paul Hollywood,1 large cake,Needs skill,45 mins,18 mins,"[<p>350g red or natural glacé cherries</p>, <p>225g can of pineapple in natural juice</p>, <p>350g ready-to-eat dried apricots</p>, <p>100g blanched almonds</p>, <p>finely grated zest of 2 lemons</p>, <p>350g sultanas</p>, <p>250g unsalted butter, softened</p>, <p>250g caster sugar</p>, <p>5 large eggs, lightly beaten</p>, <p>250g self-raising flour</p>]",https://thegreatbritishbakeoff.co.uk/wp-content/uploads/2019/12/Recipe_Card_B_1024_1-1024x450.png,https://thegreatbritishbakeoff.co.uk/wp-content/uploads/2019/08/Paul_Hollywood_395_2900x2900-1024x1024-100x100.png,9951.0,0.0,58.82000000000001,71.24,582.8199999999999
114,Paul Hollywood’s Flaounas,Paul Hollywood,12,Needs skill,45 mins,18 mins,"[<h5>For the filling:</h5>, <p>500g pecorino romano</p>, <p>250g haloumi</p>, <p>90g fine semolina</p>, <p>75g plain flour</p>, <p>7g instant yeast</p>, <p>2 tsp dried mint</p>, <p>100g sultanas</p>, <p>4 large eggs</p>, <p>4 tbsp milk</p>, <p>1 tsp baking powder</p>]",https://thegreatbritishbakeoff.co.uk/wp-content/uploads/2019/12/Recipe_Card_A_1024_1-1024x450.png,https://thegreatbritishbakeoff.co.uk/wp-content/uploads/2019/08/Paul_Hollywood_395_2900x2900-1024x1024-100x100.png,4832.8,445.0,164.31,162.08,26.66
115,"Nectarine, Almond & Cream Tarts",Paul Hollywood,4,"30 mins, plus chilling",25–30 mins,18 mins,"[<h5>For the filling:</h5>, <p>1 tbsp plus 2 tsp custard powder</p>, <p>2 tsp golden caster sugar</p>, <p>175ml milk (preferably full-fat)</p>, <p>4 tbsp ground almonds</p>, <p>½ tsp almond extract</p>, <p>4 tbsp full-fat crème fraiche, plus extra for serving</p>, <p>3 nectarines</p>, <p>demerara sugar, for sprinkling</p>, <p>4 cherries, to decorate (optional)</p>]",https://thegreatbritishbakeoff.co.uk/wp-content/uploads/2019/12/Recipe_Card_C_1024_1-1024x450.png,https://thegreatbritishbakeoff.co.uk/wp-content/uploads/2019/08/Paul_Hollywood_395_2900x2900-1024x1024-100x100.png,3307.5,0.0,36.23,67.55,0.0
116,Paul Hollywood’s Gluten-free Pitta Bread,Paul Hollywood,12,"30 mins, plus chilling",25–30 mins,18 mins,"[<p>30g psyllium powder</p>, <p>600ml water</p>, <p>750g Doves Farm gluten-free strong bread flour blend</p>, <p>3 tbsp nigella seeds</p>, <p>15g sugar</p>, <p>1 tbsp salt</p>, <p>21g instant yeast</p>, <p>3 large eggs</p>, <p>1 tbsp white wine vinegar</p>, <p>90ml tbsp olive oil</p>]",https://thegreatbritishbakeoff.co.uk/wp-content/uploads/2019/12/Recipe_Card_C_1024_1-1024x450.png,https://thegreatbritishbakeoff.co.uk/wp-content/uploads/2019/08/Paul_Hollywood_395_2900x2900-1024x1024-100x100.png,2963.85,0.0,129.3,32.32,111.5
117,Mary Berry’s Spanische Windtorte,Paul Hollywood,12,"30 mins, plus chilling",25–30 mins,18 mins,"[<h5>For the French meringue shell:</h5>, <p>8 large egg whites</p>, <p>½ tsp cream of tartar</p>, <p>475g caster sugar</p>]",https://thegreatbritishbakeoff.co.uk/wp-content/uploads/2019/12/Recipe_Card_C_1024_1-1024x450.png,https://thegreatbritishbakeoff.co.uk/wp-content/uploads/2019/08/Paul_Hollywood_395_2900x2900-1024x1024-100x100.png,1824.0,0.0,1.47,0.0,471.3
118,Mary Berry’s Cappuccino Crème Brûlées,Paul Hollywood,6,"30 mins, plus chilling",25–30 mins,18 mins,"[<p>4 large egg yolks, at room temperature</p>, <p>45g caster sugar</p>, <p>½ tsp vanilla extract</p>, <p>300ml single cream</p>, <p>300ml double cream</p>, <p>2½ tsp instant coffee granules</p>]",https://thegreatbritishbakeoff.co.uk/wp-content/uploads/2019/12/Recipe_Card_C_1024_1-1024x450.png,https://thegreatbritishbakeoff.co.uk/wp-content/uploads/2019/08/Paul_Hollywood_395_2900x2900-1024x1024-100x100.png,3694.8,255.0,80.48,86.61,57.129999999999995
119,Paul Hollywood’s Baguettes,Paul Hollywood,4,"30 mins, plus chilling",25–30 mins,18 mins,"[<p>olive oil for greasing</p>, <p>500g strong white bread flour, plus extra for dusting</p>, <p>10g salt</p>, <p>10g instant yeast</p>, <p>370ml cool water</p>]",https://thegreatbritishbakeoff.co.uk/wp-content/uploads/2019/12/Recipe_Card_C_1024_1-1024x450.png,https://thegreatbritishbakeoff.co.uk/wp-content/uploads/2019/08/Paul_Hollywood_395_2900x2900-1024x1024-100x100.png,1739.0,0.0,76.15,26.12,2.89
120,Paul Hollywood’s Arlettes,Paul Hollywood,8 biscuits,"30 mins, plus chilling",25–30 mins,18 mins,"[<h5>For the dough:</h5>, <p>60g strong white bread flour, plus extra for dusting</p>, <p>60g plain flour</p>, <p>1 tsp salt</p>, <p>40g unsalted butter, melted</p>, <p>50ml cold water</p>]",https://thegreatbritishbakeoff.co.uk/wp-content/uploads/2019/12/Recipe_Card_C_1024_1-1024x450.png,https://thegreatbritishbakeoff.co.uk/wp-content/uploads/2019/08/Paul_Hollywood_395_2900x2900-1024x1024-100x100.png,2806.4,0.0,52.09,5.52,1.33
121,Mary Berry’s Frosted Walnut Layer Cake,Paul Hollywood,8-10,"30 mins, plus chilling",25–30 mins,18 mins,"[<h5>For the sponges:</h5>, <p>225g self-raising flour</p>, <p>1 tsp baking powder</p>, <p>100g walnuts, finely chopped</p>, <p>225g butter, softened, plus extra for greasing</p>, <p>225g caster sugar</p>, <p>4 large eggs, beaten</p>]",https://thegreatbritishbakeoff.co.uk/wp-content/uploads/2019/12/Recipe_Card_B_1024_1-1024x450.png,https://thegreatbritishbakeoff.co.uk/wp-content/uploads/2019/08/Paul_Hollywood_395_2900x2900-1024x1024-100x100.png,4196.25,0.0,2.88,22.25,223.74
122,Paul Hollywood’s Stollen,Paul Hollywood,10–12,"30 mins, plus chilling",25–30 mins,18 mins,"[<p>500g strong white flour</p>, <p>100g caster sugar</p>, <p>10g fast action yeast</p>, <p>10g salt</p>, <p>150g unsalted butter, softened</p>, <p>250ml whole milk</p>, <p>pinch ground nutmeg</p>, <p>pinch ground cloves</p>, <p>½ tsp vanilla extract</p>, <p>2 drops almond extract</p>, <p>55g blanched almonds, finely chopped</p>, <p>200g raisins</p>, <p>100g currants</p>, <p>125g mixed peel</p>, <p>25g butter, melted</p>, <p>225g marzipan</p>]",https://thegreatbritishbakeoff.co.uk/wp-content/uploads/2019/12/Recipe_Card_C_1024_1-1024x450.png,https://thegreatbritishbakeoff.co.uk/wp-content/uploads/2019/08/Paul_Hollywood_395_2900x2900-1024x1024-100x100.png,,,,,
123,Paul Hollywood’s Pretzels,Paul Hollywood,6 savoury and 6 sweet,"30 mins, plus chilling",25–30 mins,18 mins,"[<h5>For the dough:</h5>, <p>500g strong white bread flour</p>, <p>10g salt</p>, <p>7g sachet fast-action dried yeast</p>, <p>40g unsalted butter, softened</p>, <p>1 tablespoon malt extract</p>, <p>280ml milk, at room temperature</p>, <p>finely grated zest of 2 oranges</p>, <p>50g poppy seeds</p>]",https://thegreatbritishbakeoff.co.uk/wp-content/uploads/2019/12/Recipe_Card_C_1024_1-1024x450.png,https://thegreatbritishbakeoff.co.uk/wp-content/uploads/2019/08/Paul_Hollywood_395_2900x2900-1024x1024-100x100.png,7889.25,0.0,30.439999999999998,82.67,1.67
124,Mary Berry’s Hazelnut Dacquoise,Paul Hollywood,12,"30 mins, plus chilling",25–30 mins,18 mins,"[<h5>For the dacquoise:</h5>, <p>250g blanched (skinned) whole hazelnuts</p>, <p>300g caster sugar</p>, <p>25g cornflour</p>, <p>6 large egg whites, at room temperature</p>, <p>pinch of salt</p>]",https://thegreatbritishbakeoff.co.uk/wp-content/uploads/2019/12/Recipe_Card_C_1024_1-1024x450.png,https://thegreatbritishbakeoff.co.uk/wp-content/uploads/2019/08/Paul_Hollywood_395_2900x2900-1024x1024-100x100.png,7746.25,0.0,153.81,35.41,307.72
125,Mary Berry’s Religieuses,Paul Hollywood,8,"30 mins, plus chilling",25–30 mins,18 mins,"[<h5>For the choux pastry:</h5>, <p>60g unsalted butter, cubed</p>, <p>150ml water</p>, <p>75g plain flour</p>, <p>2 medium eggs, at room temperature, lightly beaten</p>]",https://thegreatbritishbakeoff.co.uk/wp-content/uploads/2019/12/Recipe_Card_B_1024_1-1024x450.png,https://thegreatbritishbakeoff.co.uk/wp-content/uploads/2019/08/Paul_Hollywood_395_2900x2900-1024x1024-100x100.png,1258.5,0.0,2.62,6.83,19.16
126,Paul Hollywood’s Apricot Couronne,Paul Hollywood,1 large loaf,"30 mins, plus chilling",25–30 mins,18 mins,"[<h5>For the dough:</h5>, <p>250g strong white bread flour</p>, <p>5g salt</p>, <p>7g sachet fast-action dried yeast</p>, <p>50g unsalted butter, softened</p>, <p>105ml full-fat milk, at room temperature</p>, <p>1 medium egg, at room temperature</p>]",https://thegreatbritishbakeoff.co.uk/wp-content/uploads/2019/12/Recipe_Card_A_1024_1-1024x450.png,https://thegreatbritishbakeoff.co.uk/wp-content/uploads/2019/08/Paul_Hollywood_395_2900x2900-1024x1024-100x100.png,3822.75,0.0,4.65,38.58,0.0
127,Mary Berry’s Tuiles with Chocolate Mousse,Paul Hollywood,8,"30 mins, plus chilling",25–30 mins,18 mins,"[<h5>For the tuiles:</h5>, <p>200g unsalted butter, softened</p>, <p>180g icing sugar, sifted</p>, <p>1 tsp vanilla extract</p>, <p>6 large egg whites, at room temperature, lightly beaten</p>, <p>200g plain flour</p>, <p>3 tsp cocoa powder</p>, <p>50g dark chocolate (your favourite), broken into even pieces</p>]",https://thegreatbritishbakeoff.co.uk/wp-content/uploads/2019/12/Recipe_Card_B_1024_1-1024x450.png,https://thegreatbritishbakeoff.co.uk/wp-content/uploads/2019/08/Paul_Hollywood_395_2900x2900-1024x1024-100x100.png,3188.0,0.0,7.0,18.2,4.42
128,Mary Berry’s Charlotte Royale,Paul Hollywood,10-12,"30 mins, plus chilling",25–30 mins,18 mins,"[<h5>For the jam:</h5>, <p>400g strawberries, hulled and chopped</p>, <p>500g jam sugar (sugar with added pectin)</p>, <p>small knob of butter</p>]",https://thegreatbritishbakeoff.co.uk/wp-content/uploads/2019/12/Recipe_Card_B_1024_1-1024x450.png,https://thegreatbritishbakeoff.co.uk/wp-content/uploads/2019/08/Paul_Hollywood_395_2900x2900-1024x1024-100x100.png,120.0,0.0,0.0,0.0,7.6
